date_scraped,company_name,title,location,salary,url,career_page,description,source_platform
2026-06-02,Abridge,Data Engineer,SF Office,,https://jobs.ashbyhq.com/Abridge/480c4c99-2ca8-4dc7-ba6b-29a9ee28ed95,https://jobs.ashbyhq.com/Abridge,"About Abridge
Abridge was founded in 2018 with the mission of powering deeper understanding in healthcare. Our AI-powered platform was purpose-built for medical conversations, improving clinical documentation efficiencies while enabling clinicians to focus on what matters most—their patients.
Our enterprise-grade technology transforms patient-clinician conversations into structured clinical notes in real-time, with deep EMR integrations. Powered by Linked Evidence and our purpose-built, auditable AI, we are the only company that maps AI-generated summaries to ground truth, helping providers quickly trust and verify the output. As pioneers in generative AI for healthcare, we are setting the industry standards for the responsible deployment of AI across health systems.
We are a growing team of practicing MDs, AI scientists, PhDs, creatives, technologists, and engineers working together to empower people and make care make more sense. We have offices located in the Mission District in San Francisco, the SoHo neighborhood of New York, and East Liberty in Pittsburgh.
The Role
Our generative AI-powered products are revolutionizing the practice of medicine, and we’re looking for a highly motivated Data Engineer to join our growing US-based Data Engineering team. In this crucial role, you will build and optimize large scale data infrastructure to drive business decisions and machine learning research.
What You’ll Do
Build and maintain scalable data services, pipelines and storage solutions for the feedback of unstructured application data for ML training and evaluation purposes.
Build and manage OLAP databases, ELTs and general data tooling  for analytics , business decisions and products features.
Work closely with a team of frontend and backend engineers, product managers, and analysts.
Optimize data infrastructure to enhance the throughput, latency and reliability of the data system.
Investigate and correct issues identified through data operations monitors, tools, and reports.
Designs data integrations and data quality framework.
What You’ll Bring
5+ years of experience in Data Engineering or Backend Engineering with a focus on data systems.
Proficient in at least one general purpose programming language (e.g., Python, Java, Scala) and SQL (any variant)
Proficiency with at least one modern cloud provider (GCP, AWS, Azure) and accompanying data services
Experience in building systems that manage the ingest, transformation, and management of both structured and unstructured data types
Deep knowledge of modern data infrastructure best practices
Experience with distributed systems and different distributed processing frameworks
Experience with Terraform, Kubernetes, and containerization technologies.
Familiarity with the deploying ML models at scale a bonus
Experience in building data products that are well-modeled, documented and easy to understand and maintain.
Ability to prioritize amidst changing priorities in a fast moving environment
Why Work at Ab",ashby
2026-06-02,Airwallex,"Senior Software Engineer, Data Platform & AI EnablementEngineeringEngineering•San FranciscoAmericas,San FranciscoSan Francisco",San Francisco,,https://careers.airwallex.com/job/e16f8718-8a78-48df-9419-e78f9be67f50/senior-software-engineer-data-platform-ai-enablement/,https://airwallex.com/careers,"Senior Software Engineer, Data Platform & AI Enablement - Airwallex Careers
Senior Software Engineer, Data Platform & AI Enablement
Apply now
Jobs
Job details
Jobs
Job details
Application
Senior Software Engineer, Data Platform & AI Enablement
Engineering
San Francisco
Full Time
Apply now
About Airwallex
Airwallex is the only unified payments and financial platform for global businesses. Powered by our unique combination of proprietary infrastructure and software, we empower over 200,000 businesses worldwide – including Brex, Rippling, Navan, Qantas, SHEIN and many more – with fully integrated solutions to manage everything from business accounts, payments, spend management and treasury, to embedded finance at a global scale.
Proudly founded in Melbourne, we have a team of over 2,000 of the brightest and most innovative people in tech across 26 offices around the globe. Valued at US$8 billion and backed by world-leading investors including T. Rowe Price, Visa, Mastercard, Robinhood Ventures, Sequoia, Salesforce Ventures, DST Global, and Lone Pine Capital, Airwallex is leading the charge in building the global payments and financial platform of the future. If you’re ready to do the most ambitious work of your career, join us.
Attributes We Value
We hire successful builders with founder-like energy who want real impact, accelerated learning, and true ownership. You bring strong role-related expertise and sharp thinking, and you’re motivated by our mission and
operating principles
. You move fast with good judgment, dig deep with curiosity, and make decisions from first principles, balancing speed and rigor.
You’re humble and collaborative; turn zero‑to‑one ideas into real products, and you “get stuff done” end-to-end. You use AI to work smarter and solve problems faster. Here, you’ll tackle complex, high‑visibility problems with exceptional teammates and grow your career as we build the future of global banking. If that sounds like you, let’s build what’s next.
About the team:
The Knowledge Platform team is at the heart of our company’s data and AI strategy. We are building the foundational infrastructure that empowers the entire company to leverage data, AI, and ML into business impact. We accomplish this by creating platforms that handle the entire data and AI/ML lifecycle, simplifying the interface while providing proper safety and governance. This includes managing our data infrastructure (Databricks, Spark, Kafka, etc.), the technology to serve that data to our users (RAG, MCP, etc.), and the platform to host and govern these AI/ML models.
In 2026, our team’s overarching mission is to evolve our full data ecosystem—encompassing both platform and models—into a fully AI agent-ready infrastructure; we will empower customers to engage directly with the data platform to extract actionable value through capabilities like analytics and natural language querying, while also upgrading the platform to deliver robust, real-time performance for instant, d",html_fallback
2026-06-02,Alchemy,Data Analytics Engineer ,San Francisco,,https://jobs.ashbyhq.com/alchemy/75e6dd36-4916-4e72-a596-037945fd741f,https://jobs.ashbyhq.com/alchemy,"The Role
This role sits at the frontier of how AI consumes and acts on internal company data. You'll be the data layer for the entire company — a strategic partner to Finance, Marketing, Sales, Product, and Data Science — designing the clean, trusted datasets that power our AI tooling and ensuring every team can make decisions from a single source of truth. You'll explore how technologies like MCP can unlock self-serve AI data access across the org, and ensure that as we adopt new AI capabilities, our data is ready to meet them. The rest of the company's AI ambitions run through you.
What You'll Do:
Build and own the canonical data models in Snowflake that serve as Alchemy's company-wide source of truth — clean, queryable, and AI-ready
Structure datasets so vendor AI tools perform optimally out of the box, with consistent schemas, rich semantics, and well-indexed access patterns
Explore and prototype MCP integrations that let internal teams query data conversationally
Eliminate shadow tables and one-off datasets by proactively serving team data needs at the platform level, freeing data science to move faster
Own the transformation layer (dbt), with rigorous testing and validation so every downstream consumer — human or AI — can trust what they're working with
What We're Looking For:
6+ years in data engineering with strong SQL and deep Snowflake expertise
Experience designing efficient, scalable analytical data models
Proficiency with dbt or comparable transformation frameworks
Strong data quality instincts and a track record of building infrastructure that unblocks teams
Good judgment — you scope well, prioritize ruthlessly, and communicate tradeoffs
Experience in startups, a plus
Benefits & Perks
🏥  Medical, Dental, & Vision
💪  Gym Reimbursement
🖥️  Home Office Build-out Budget
🥙  In-Office Group Meals
🚅 Commuter Benefits
🌴 Flexible Time Off
🧘‍♂️  Wellbeing & Mental Health Perks
🧠 Learning & Development Stipend
🌎  Company Sponsored Conferences & Events
💸  HSA and FSA Plans
🧬  Fertility Benefits
More on The Role
Alchemy is committed to offering competitive compensation, including base salary as well as equity. Additionally, Alchemy offers comprehensive medical, dental, and vision coverage, as well as other benefits such as 401k and unlimited flexible time off.
The base salary range for this position is estimated to be between $200,000 - $240,000 annually. Please note this range reflects base salary only, and does not include bonus, equity, or benefits. Your salary will be determined by various factors, including relevant experience, skill set, qualifications, and other business needs.",ashby
2026-06-02,Amplitude,"Senior Fullstack Engineer, Core Analytics","San Francisco, CA",,https://job-boards.greenhouse.io/amplitude/jobs/8423428002,https://boards.greenhouse.io/amplitude,"<div class=""content-intro""><p>Amplitude is the leading AI analytics platform, helping over 4,700 customers—including Atlassian, Burger King, NBCUniversal, and Square—build better products and digital experiences. With powerful AI Agents embedded across our platform, teams can analyze, test, and optimize user experiences faster than ever. Ranked #1 across multiple categories in G2’s Winter 2026 Report, Amplitude is the best-in-class solution for product, data, and marketing teams. Learn more at <a href=""http://amplitude.com"">amplitude.com</a>.</p>
<p>As an organization, we deliver for our customers by living our values. We operate from a place of humility, take ownership of problems and successes, approach challenges with a growth mindset, and put our customers at the center of everything we do.</p>
<p><strong>Amplitude’s Commitment to Diversity Equity &amp; Inclusion (DEI): </strong>Amplitude believes that diversity enables the creation of better products, improves the ability to solve complex problems, and drives more powerful solutions. We strive to create an environment of inclusion—one focused on psychological safety, empathy, and human connection—that will allow employees of all backgrounds to thrive.</p></div><p><strong>About The Role &amp; Team</strong></p>
<p>We’re looking for a Fullstack Engineer to join the Core Analytics team, the group behind our flagship analytics product loved by thousands of product teams worldwide. <br>You’ll work with our Product Manager and Designer to define, build, and ship end-to-end features that elevate the Analytics experience. You’ll own your impact from shaping product direction to delivering performant, reliable, and delightful user experiences.</p>
<p>Our engineers are customer-focused and solve complex data problems to deliver a better user experience. We deliver value quickly and iteratively. If you’re passionate about building exceptional data-powered experiences that help businesses understand their customers, we’d love to meet you.</p>
<p>The team’s mission is to deliver a fast, intuitive, and reliable Analytics platform that empowers customers to confidently uncover insights about their products while driving infrastructure initiatives that strengthen and scale the platform.<br><br></p>
<p>&nbsp;<strong>As a Senior Engineer, you will:&nbsp;</strong></p>
<ul>
<li>Work with Product Management and Design to generate and turn novel ideas for solving customer problems into engineering solutions</li>
<li>Drive business impact through owning the end-to-end delivery of projects</li>
<li>Have a strong critical thinking and problem-solving mindset with attention to detail&nbsp;</li>
<li>Get involved in performance optimization and scaling efforts</li>
<li>Drive business impact through leading the highest-leverage projects</li>
<li>Have interest or experience in technical leadership of an engineering team</li>
<li>Mentor and contribute to the success of other engineers on the team</li>
</ul>
<p>&nbsp;</p>
<",greenhouse
2026-06-02,Amplitude,"Staff Fullstack Engineer, Core Analytics","San Francisco, CA",,https://job-boards.greenhouse.io/amplitude/jobs/8444770002,https://boards.greenhouse.io/amplitude,"<div class=""content-intro""><p>Amplitude is the leading AI analytics platform, helping over 4,700 customers—including Atlassian, Burger King, NBCUniversal, and Square—build better products and digital experiences. With powerful AI Agents embedded across our platform, teams can analyze, test, and optimize user experiences faster than ever. Ranked #1 across multiple categories in G2’s Winter 2026 Report, Amplitude is the best-in-class solution for product, data, and marketing teams. Learn more at <a href=""http://amplitude.com"">amplitude.com</a>.</p>
<p>As an organization, we deliver for our customers by living our values. We operate from a place of humility, take ownership of problems and successes, approach challenges with a growth mindset, and put our customers at the center of everything we do.</p>
<p><strong>Amplitude’s Commitment to Diversity Equity &amp; Inclusion (DEI): </strong>Amplitude believes that diversity enables the creation of better products, improves the ability to solve complex problems, and drives more powerful solutions. We strive to create an environment of inclusion—one focused on psychological safety, empathy, and human connection—that will allow employees of all backgrounds to thrive.</p></div><p><strong>About The Role &amp; Team</strong></p>
<p>We’re looking for a Fullstack Engineer to join the Core Analytics team, the group behind our flagship analytics product loved by thousands of product teams worldwide.</p>
<p>You’ll work with our Product Manager and Designer to define, build, and ship end-to-end features that elevate the Analytics experience. You’ll own your impact from shaping product direction to delivering performant, reliable, and delightful user experiences.</p>
<p>Our engineers are customer-focused and solve complex data problems to deliver a better user experience. We deliver value quickly and iteratively. If you’re passionate about building exceptional data-powered experiences that help businesses understand their customers, we’d love to meet you.</p>
<p>The team’s mission is to deliver a fast, intuitive, and reliable Analytics platform that empowers customers to confidently uncover insights about their products while driving infrastructure initiatives that strengthen and scale the platform.</p>
<p>&nbsp;<strong>As a Staff Engineer, you will:&nbsp;</strong></p>
<ul>
<li>Work with Product Management and Design to generate and turn novel ideas for solving customer problems into engineering solutions</li>
<li>Drive business impact through owning the end-to-end delivery of projects</li>
<li>Have a strong critical thinking and problem-solving mindset with attention to detail&nbsp;</li>
<li>Get involved in performance optimization and scaling efforts</li>
<li>Drive business impact through leading the highest-leverage projects</li>
<li>Have interest or experience in technical leadership of an engineering team</li>
<li>Mentor and contribute to the success of other engineers on the team</li>
</ul>
<p><strong>You'll be ",greenhouse
2026-06-02,Astranis,Software Engineer Intern - Data Platform (Summer 2026),"San Francisco, CA",,https://job-boards.greenhouse.io/astranis/jobs/4667477006,https://boards.greenhouse.io/astranis,"<div class=""content-intro""><p>Astranis builds advanced satellites for high orbits, expanding humanity’s reach into the solar system. Today, Astranis satellites provide dedicated, secure networks to highly-sophisticated customers across the globe— large enterprises, sovereign governments, and the US military. With five satellites on orbit and many more set to launch soon, the company is servicing a backlog of more than $1 billion of commercial contracts.<br><br>Astranis is the preferred satellite communications partner for buyers with stringent requirements for uptime, data security, network visibility, and customization. Astranis has raised over $750 million from some of the world’s best investors, from Andreessen Horowitz to Blackrock and Fidelity, and employs a team of 450 engineers and entrepreneurs. Astranis designs, builds, and operates its satellites out of its 153,000 sq. ft. headquarters in Northern California, USA.</p></div><h4><strong>Software Engineer Intern - Data Platform (Summer 2026)</strong></h4>
<p style=""text-align: left;"">As a Software Engineer Intern, you'll build and extend the systems that ingest, store,&nbsp;and query the massive streams of telemetry flowing from our satellite fleet in real time. From designing data&nbsp;pipelines that handle thousands of channels per spacecraft to building monitoring rules that catch anomalies before they become problems, your work will give mission operators the visibility they need to keep satellites&nbsp;healthy and online.</p>
<p style=""text-align: left;"">You'll be working at the intersection of data engineering and space operations, building tools that turn raw satellite signals into actionable insight.&nbsp; &nbsp; &nbsp; &nbsp; &nbsp; &nbsp; &nbsp; &nbsp; &nbsp; &nbsp; &nbsp; &nbsp; &nbsp; &nbsp; &nbsp; &nbsp; &nbsp; &nbsp; &nbsp; &nbsp; &nbsp; &nbsp; &nbsp; &nbsp; &nbsp; &nbsp; &nbsp; &nbsp; &nbsp; &nbsp; &nbsp; &nbsp; &nbsp; &nbsp; &nbsp; &nbsp; &nbsp; &nbsp; &nbsp; &nbsp; &nbsp; &nbsp; &nbsp; &nbsp; &nbsp; &nbsp; &nbsp; &nbsp; &nbsp; &nbsp; &nbsp;</p>
<p style=""text-align: left;"">This role will contribute to both our commercial and US government programs.</p>
<h4><strong>Role</strong></h4>
<ul>
<li>Design and build monitoring rules and anomaly detection capabilities for our telemetry data platform</li>
<li>Contribute across the data platform by building out client libraries, data pipelines, query interfaces, and APIs &nbsp; &nbsp; &nbsp; &nbsp; &nbsp; &nbsp; &nbsp; &nbsp; &nbsp;</li>
<li>Collaborate with mission operations and engineering teams to define monitoring requirements and data needs</li>
</ul>
<h4><strong>Requirements</strong></h4>
<ul>
<li>Currently pursuing a B.S. or M.S. in Computer Science, or equivalent degree</li>
<li>Strong proficiency in Python</li>
<li>Experience and understanding of databases (Postgres, time-series databases, etc)</li>
<li>Experience and understanding of API design (REST, gRPC, Protocol Buffers)</li>
<li>Don't meet them all? Not a problem. Ple",greenhouse
2026-06-02,Bamboo Health,Surgical Episode OptimizationBamboo TEAM Bundles optimizes surgical episodes with real-time insights and predictive analytics to improve benchmarks.,,,https://bamboohealth.com/solutions/team-bundles/,https://bamboohealth.com/careers,"TEAM Bundles | Win at CMS TEAM From Day One | Bamboo Health
This site uses cookies
We use cookies to provide you with the best possible experience. By continuing to use our site, you agree to our use of cookies. Find out more in our
Privacy Policy
.
Agree and Close
Is your state ready for Rural Health Transformation?
Is your state ready for Rural Health Transformation?
About Us
News & Resources
Contact Us
Bamboo TEAM Bundles
Win at CMS TEAM From Day One
Bamboo TEAM Bundles is one of the most comprehensive and robust solutions designed to help hospitals excel under CMS’s mandatory Transforming Episode Accountability Model (TEAM). From ensuring accurate risk-adjusted benchmarks to effective discharge planning and post-acute care monitoring, this integrated solution drives results across the entire 30-day episode post-surgery.
Get in Touch
How It Works
Key Benefits
Impact
Real-Time Decision Support Across Every Stage of the Surgical Episode
CMS TEAM regulations require hospitals to manage cost and quality across complex surgical episodes simultaneously. However, inconsistent specialist workflows, limited visibility into patient clinical risk and inadequate post-discharge care optimization and monitoring create operational blind spots at the most critical junctures of patient care.
Bamboo TEAM Bundles changes the equation. With Real-Time Care Intelligence™ and
Radial’s
industry-leading predictive analytics, we help hospitals act smarter before, during and after surgery.
Prior to Day of Surgery:
Capture complete patient complexity early and optimize site-of-care decisions to set the right benchmark from the start.
During Surgery, In Facility:
Deliver embedded real-time insights to guide smarter surgical and discharge decisions across all service lines.
30-Day Post-Anchor Window:
Reduce SNF/IRF spending with AI-driven discharge recommendations, continuously monitor patients across care settings and prevent unnecessary readmissions and emergency department visits.
Key Benefits
Smarter Surgical Site-of-Care Decisions
Leverage predictive analytics to optimize inpatient vs. outpatient placement, balancing quality and cost from the start in a site-neutral payment program.
Accurate Risk Adjustment Early
Surface suspect diagnosis code pre-surgery, even when claims data is unavailable, ensuring accurate risk adjustment and reimbursement.
AI-Powered PAC Optimization
Support higher quality, cost-effective outcomes with industry-leading AI-powered recommendations for discharge timing and post-acute placement informed by the patient’s risk profile and quality of available PAC facilities.
Maintain Episode Visibility Post-Discharge
Prospectively estimate readmission risk and track patients across care settings in real time, ensuring continuity, reducing readmissions and delivering on quality metrics throughout the 30-day window.
Our Impact
Bamboo TEAM Bundles can deliver Real-Time Care Intelligence™ and AI-driven analytics to help hospitals act at pivotal care momen",html_fallback
2026-06-02,Bamboo Health,"PDMP AnalyticsNarxCare® offers healthcare professionals data, visualizations and analytics to support a more informed review of PDMP data.",,,https://bamboohealth.com/solutions/narxcare/,https://bamboohealth.com/careers,"NarxCare | Bamboo Health
This site uses cookies
We use cookies to provide you with the best possible experience. By continuing to use our site, you agree to our use of cookies. Find out more in our
Privacy Policy
.
Agree and Close
Is your state ready for Rural Health Transformation?
Is your state ready for Rural Health Transformation?
About Us
News & Resources
Contact Us
NarxCare®
PDMP Analytics
The NarxCare platform comprises a set of data and tools delivered within tiles that are intended to support a healthcare provider’s review of a patient’s controlled substance data from government-managed and regulated Prescription Drug Monitoring Programs (PDMPs).
Learn More
Request a Demo
Thank you!
We will be in touch shortly.
Make More Informed Prescribing Decisions
Every state operates a PDMP to track controlled substance prescriptions and aggregate longitudinal data. While these PDMPs provide a wealth of information on drug usage, accessing their databases can be time-consuming and difficult to understand at a glance.
NarxCare helps clinicians visualize PDMP data with real time intelligence and decision support integrated directly within clinical workflows.
Key Benefits
Optimize Care Coordination
User-friendly platform makes complex dispensing data easy-to-understand and share with care team members, fostering an informed and coordinated approach to care.
Ease Provider Burden
With decision support delivered directly into existing point-of-care systems and clinical workflows, prescribers and dispensers can save valuable time accessing PDMP data and focusing additional time on what matters most – patients.
Improve Patient Outcomes
Real-time intelligence helps providers identify potential risk factors and helps them to make more informed clinical decisions, with the goal of improving  care outcomes.
Our Impact
Bamboo Health provides real-time intelligence and clinical decision support to help clinicians and pharmacists make more informed prescribing and dispensing decisions and spend more time with patients, with the goal of improving health outcomes.
Learn More
106M+
controlled substance insights delivered into EHR and pharmacy management systems per month
1M+
providers accessing government managed and regulated PDMP
information  in clinical workflows
Get in Touch
Speak with Us
Tell us all about your organization’s care coordination and care intelligence needs.
Speak with Us
Schedule a Demo
See how our technologies deliver critical patient information in real-time and in clinical workflows.
Schedule a Demo
View Our Resources
Read more about our customers’ successes and how we’re working to improve public health.
View Our Resources
NarxCare is an application that provides a set of data, visualizations and analytics to support prescribers’ and dispensers’ review of controlled substance data from government managed and regulated Prescription Drug Monitoring Programs (PDMPs). NarxCare is intended to aid, not replace, medical decision making. None of the in",html_fallback
2026-06-02,Bamboo Health,Staff Data Engineer,,,https://ats.rippling.com/bamboo-health-careers/jobs/5ade622e-9a85-47c5-a88f-313d08e74610,https://bamboohealth.com/careers,"Staff Data Engineer
Staff Data Engineer
Bamboo Health is the leader in Real-Time Care Intelligence™ solutions aimed at improving lives for everyone experiencing physical and behavioral health challenges. We are driven by our mission to empower clients to deliver seamless, high-quality and cost-effective care during pivotal moments to improve health outcomes. From coast to coast, Bamboo Health partners with all major retail pharmacy chains, 52 states and territories, 100% of the top 10 best hospitals and more than half of the country’s largest health plans to improve more than 1 billion patient encounters annually. Join us in improving lives during pivotal care moments!
Summary:
The Staff Data Engineer role is part of the Bamboo Health Engineering Team. You would serve as a lead engineer responsible for building and supporting Data Warehousing and reporting functions. As, Staff Data Engineer, you will be hands-on with PostgreSQL, Redshift, Kubernetes, and other AWS technologies. You will be working within a team that builds, designs, and supports cloud based ETL, containerized solutions and data warehouses that enable data reporting, analytics, and data science. Our team continuously seeks opportunities to automate, apply new AWS products and features, and strive for technological modernization. You will partner with other Engineering team members, Architects, Data Scientists, Analysts, and other Bamboo Health professionals
.
What You’ll Do:
Develop, debug and support ETL processes utilizing AWS services
Lead ideation and development of data models used for data science and analytics
Meet the delivery expectations of the Agile Project Management methodology
Maintain and optimize reports and extracts that serve as lifesaving information sources to customers
Create clear and concise documentation regarding technical solutions, while sharing knowledge and documentation with teammates via “Lunch and Learns”
Collaborate with internal and external customers to deliver modern data products
Explore opportunities to enhance workflows through AI or automation tools (e.g., document summarization, task routing, or data parsing).
Identify repetitive tasks and partner with team leads to implement scalable automation solutions.
What Success Looks Like…
In 3 months…
Become familiar with the architecture and processes of Bamboo Health services, especially Data Warehouses and reporting products.
Understand the roadmap of Data Engineering projects and how your efforts contribute.
Ship code to contribute fixes and improvements to our data pipelines.
Participate in troubleshooting and hotfix of ETL and reporting issues/outages.
Identify at least one opportunity in your role to pilot or apply AI or automation (e.g., streamlining a task, summarizing data, generating content)
In 6 months…
Optimize our Kubernetes deployments and other operational processes with emphasis on ETL and reporting.
Develop complex queries, automation through AWS infrastructure and analytics work",html_fallback
2026-06-02,Baseten,Data Engineer,San Francisco,,https://jobs.ashbyhq.com/baseten/c2ba6c50-d282-4478-98e9-668f94facde8,https://jobs.ashbyhq.com/baseten,"ABOUT BASETEN
Baseten powers mission-critical inference for the world's most dynamic AI companies, like Cursor, Notion, OpenEvidence, Abridge, Clay, Gamma and Writer. By uniting applied AI research, flexible infrastructure, and seamless developer tooling, we enable companies operating at the frontier of AI to bring cutting-edge models into production. We're growing quickly and recently raised our
$300M Series E
, backed by investors including BOND, IVP, Spark Capital, Greylock, and Conviction. Join us and help build the platform engineers turn to to ship AI products.
THE ROLE
We’re hiring a Data
Engineer
to build and scale Baseten’s internal data platform. This role sits at the intersection of data engineering, analytics, and data science, transforming raw product and business data into reliable datasets that power decision-making.
You’ll design the data models, pipelines, and analytics infrastructure that enable teams across Product, Engineering, Finance, Marketing, and Sales to understand usage and performance. This includes working with AI inference, infrastructure, and observability data to generate insights about the product, business operations and platform economics.
You’ll partner closely with stakeholders to build robust, scalable pipelines, define company-wide metrics that inform strategy and planning.
RESPONSIBILITIES
Design and maintain
core data models and semantic layers
Develop and orchestrate
batch and streaming
data pipelines using technologies such as Apache Beam, Kafka, Airflow, or similar frameworks
Analyze
inference and infrastructure telemetry
, including data from OpenTelemetry, Grafana,
and other observability tools
Define and maintain
company-wide metrics
across product usage, performance, and customer lifecycle
Enable
self-service analytics
through agents and tools, with well-structured semantic layers and context
Ensure
data reliability and quality
through testing, documentation, and governance
link
PREFERRED QUALIFICATIONS
Understanding of
inference metrics
such as latency, throughput, token usage, and model performance
Experience supporting B2B SaaS and/or
consumption-based
platforms
Application of forecasting and predictive modeling (e.g., ARIMA, Prophet) to business processes
BENEFITS
Competitive compensation, including meaningful equity.
100% coverage of medical, dental, and vision insurance for employee and dependents
Flexible PTO policy including company wide Winter Break (our offices are closed from Christmas Eve to New Year's Day!)
Paid parental leave
Fertility and family-building stipend through Carrot
Company-facilitated 401(k)
Exposure to a variety of ML startups, offering unparalleled learning and networking opportunities.
Apply now
to embark on a rewarding journey in shaping the future of AI! If you are a motivated individual with a passion for machine learning and a desire to be part of a collaborative and forward-thinking team, we would love to hear from you.
At Baseten, we are committed to fostering a d",ashby
2026-06-02,Baseten,Cost Analytics Lead,San Francisco,,https://jobs.ashbyhq.com/baseten/cfb2c11e-20f9-4039-a130-21fc9dc4cb34,https://jobs.ashbyhq.com/baseten,"ABOUT BASETEN
Baseten powers mission-critical inference for the world's most dynamic AI companies, like Cursor, Notion, OpenEvidence, Abridge, Clay, Gamma and Writer. By uniting applied AI research, flexible infrastructure, and seamless developer tooling, we enable companies operating at the frontier of AI to bring cutting-edge models into production. We're growing quickly and recently raised our
$300M Series E
, backed by investors including BOND, IVP, Spark Capital, Greylock, and Conviction. Join us and help build the platform engineers turn to to ship AI products.
THE ROLE
We’re hiring a
Capacity and Infrastructure Analytics Lead
to help Baseten build the analytics foundation for tracking infrastructure usage, capacity, and cloud spend across our growing AI inference platform.
This is a foundational analytics role focused on understanding how compute resources are consumed, priced, and optimized across Baseten’s fleet. You’ll create reliable data models that bring together cloud billing exports, provider usage data, capacity data, and internal infrastructure telemetry into a unified view of cost and utilization.
You’ll work closely with Finance, Infrastructure, Product, and Operations to answer questions like:
How efficiently are we using committed capacity? How should we forecast infrastructure needs as usage grows?
RESPONSIBILITIES
Build, enhance, and maintain dashboards that track cloud cost, usage, capacity, utilization, and infrastructure efficiency across Baseten’s fleet.
Ingest, clean, and model billing and usage data from multiple cloud and infrastructure providers, including sources such as cost and usage reports, provider APIs, invoices, and internal infrastructure systems.
Create canonical data models for capacity and usage across a variety of dimensions and time grains.
Partner with Infrastructure Engineering and Finance to define core metrics for cloud spend, committed capacity utilization, cost allocation, unit economics, and infrastructure efficiency.
Support forecasting and planning workflows by modeling historical usage, capacity trends, and infrastructure demands.
Develop alerting for anomalies in billing, tagging, utilization, and capacity data.
Ensure data reliability through testing, documentation, version control, and clear ownership across the analytics stack.
REQUIREMENTS
5+ years of experience in analytics, BI, infrastructure analytics, cloud cost management, or a related role.
Strong SQL skills, including experience writing complex transformations across disparate datasets.
Experience building clean, reusable data models and semantic layers in dbt.
Working knowledge of concepts like AWS Cost and Usage Reports, Google Cloud Billing Export, committed use discounts, savings plans, reservations, usage-based pricing, credits, and cloud cost allocation.
Experience integrating raw data from APIs, cloud exports, vendor invoices, billing systems, or observability platforms with Python/SQL
Familiarity with the FOCUS standard or",ashby
2026-06-02,Braintrust Data,Data Engineer,San Francisco,,https://jobs.ashbyhq.com/Braintrust/ac8b3b7d-22eb-4688-8042-bcf006eeafc5,https://jobs.ashbyhq.com/Braintrust,"About the company
Braintrust is the AI observability platform. By connecting evals and observability in one workflow, Braintrust gives builders the visibility to understand how AI behaves in production and the tools to improve it.
Teams at Notion, Stripe, Zapier, Vercel, and Ramp use Braintrust to compare models, test prompts, and catch regressions — turning production data into better AI with every release.
About the role
We're looking for a highly resourceful and hands-on data person to own our data infrastructure and data pipeline. This person will have deep technical expertise in data engineering and the agency to tackle challenges across the entire data stack. If you thrive on solving problems, learning new technologies, and getting things done without waiting for permission, this role is for you.
What you'll do
Build and maintain robust data pipelines that power our analytics and business operations
Own our Snowflake and dbt infrastructure - manage data warehouse architecture, optimize performance, and maintain clean, well-documented models
Set up and troubleshoot data connectors across various sources and systems
Deliver quick analytics and dashboards to answer business questions
Unblock yourself and others through collaboration, communication, or getting hands dirty with code
Experiment with new tools and technologies, even if you haven't used them before
What we're looking for
Strong proof that you can do data engineering very well - we care about what you've built, not just years of experience
Deep understanding of Snowflake, dbt management and various data connectors
Not afraid to tackle data connector setup, quick analytics, dashboards, and other tasks across the data stack
Extremely high agency—you identify problems, propose solutions, and execute without waiting to be told what to do
Able to unblock yourself through communication and collaboration with others or by getting hands dirty
Not afraid to try new things, even if it's something you've never done before
Comfortable with ambiguity and figuring things out as you go
Benefits include
Medical, dental, and vision insurance
Daily lunch, snacks, and beverages
Flexible time off
Competitive salary and equity
AI Stipend
Equal opportunity
Braintrust is an equal opportunity employer. All applicants will be considered for employment without attention to race, color, religion, sex, sexual orientation, gender identity, national origin, veteran or disability status.",ashby
2026-06-02,Braze,"Braze Data PlatformUnify, activate, and distribute your data",,,https://braze.com/product/braze-data-platform,https://braze.com/careers,"Braze Data Platform | AI-Powered First-Party Data Activation
Be Absolutely Engaging.™
Braze Data Platform
Unify, activate, and distribute your proprietary data with a comprehensive, composable set of data capabilities and partner integrations that help you deliver meaningful experiences at scale.
Contact Sales
Build stronger customer relationships with first-party data.
Unify your data with speed and flexibility
Open a bi-directional flow of data via direct integrations between Braze and your data warehouse, CDP, digital properties, backend systems, and other software investments.
Build comprehensive user profiles
Create dynamic audiences with easy to use, flexible segmentation tools that make it possible to delight every user at every interaction.
Activate your data in real time
Get more out of your data to unlock relevance at scale with real-time triggers, personalized content and BrazeAI™.
Securely distribute customer data to any destination
Send product and customer data to any destination or system in real time, as a critical input to product and brand strategy.
Speed and flexibility
Integrate data from any source.
Connect directly to your data sources
Easily sync and manage customer and brand data from your source of truth—including Amazon Redshift, Databricks, Google BigQuery, Snowflake, Microsoft Azure, and AWS S3.
Easy data transformations
Use pre-configured webhooks, AI-generated code, and custom field mapping to integrate Braze with any software.
Customizable integrations
Connect Braze to your digital properties, backend systems, and other software with lightweight SDKs and modern APIs.
Zero-copy access to your data
Build audiences directly from your cloud data warehouse—without duplicating data.
Using the Braze Data Platform, Dyn Media leveraged its Snowflake data to create highly targeted win-back campaigns, resulting in a 10% re-engagement rate.
Read Case Study
Extensive partner ecosystem
Maximize the value of your tech stack.
Customer data management partners
Keep all of your systems and teams aligned by seamlessly syncing data to and from your data warehouse or customer data platform.
Analytics partners
Continuously stream customer engagement and behavior data from Braze to your business intelligence and data visualization tools for deeper analysis.
Paid media partners
Use first-party Braze data to dynamically target, trigger, or suppress paid ads across Criteo, Facebook, Google, Pinterest, Snapchat, and TikTok.
150+ turnkey partner integrations
Tap into our extensive partner network to bring data together for eCommerce, loyalty, personalization, order management, and more—all with ultra-low latency.
Learn about our partners
Cohesive customer profiles
Reach the right audience.
Flexible audience segmentation
Tap into 100+ out-of-the-box filters or use plain text prompts to easily build audience segments that are primed to engage—all without involving technical teams.
Automated identity resolution
Quickly and confidently merge and j",html_fallback
2026-06-02,Braze,Reporting & AnalyticsAnalyze performance & uncover insights,,,https://braze.com/product/reporting-analytics,https://braze.com/careers,"Braze Reporting & Analytics | Measure Customer Engagement
Be Absolutely Engaging.™
Reporting & Analytics
Turn metrics into momentum with reports, analytics, and dashboards that help you find winning strategies for every customer journey.
Contact Sales
See how customer engagement is moving the needle for your brand.
Manage engagement programs
Gain a holistic view of your engagement programs to help improve performance across journeys and campaigns on every channel.
Easily report business impact
Visualize your engagement efforts with prebuilt templates, or customize your own reports and dashboards to share key metrics with just a few clicks.
Analytics optimized for marketers
Uncover insights with tools built for marketers, enabling you to own and optimize your engagement all within one tool.
Visualize engagement across the customer journey
Manage program health
Turn Metrics into Momentum
Campaign and journey insights
Build and customize engagement dashboards to easily manage performance across all of your most important work.
Create, customize, and share
Empower all teams—marketers, analysts, and executives—to easily understand performance with customizable, shareable data visualizations.
Holistic channel management
View and compare performance across channels, track trends, and monitor key metrics all in one place.
Braze insights and reporting helped Viber to implement highly impactful changes that lifted conversions 50%
Read Case Study
Report impact
Smart tools to make smarter decisions
Conversational data access
Ask in your own words and get insights and next-best actions—powered by the Braze MCP Server.
Campaign and Canvas reporting
Compare campaigns and Canvases side by side—and measure impact across every key dimension.
Conversion and revenue analysis
Measure the impact of your campaigns and journeys with customizable reports you can break down by any dimension to improve ROI.
Apply intelligence
Know what’s working with AI decisioning
Apply intelligence
Understand the real value of BrazeAI Decisioning™ on the KPIs that matter most to your business.
Uncover performance drivers
Use hierarchical breakdowns to pinpoint which campaigns, channels, and customer segments create the most value—and where to optimize next.
Optimize with variant insights
Compare message, timing, and targeting variants head-to-head to continuously improve your decisioning agents and campaign performance.
Explore BrazeAI Decisioning™
Analyze audiences
Deeply understand your customers
Unified view of your customers
Unify first-party data from any source to understand and act on real-time and historical preferences, behaviors, conversion likelihood, and interactions across channels.
Predictive customer insights
Identify, target and engage customers based on their likelihood to purchase or perform any other high value action.
Flexible audience segmentation
Tap into 100+ out-of-box filters or use plain text prompts to build audience segments that are primed to engage—all witho",html_fallback
2026-06-02,Braze,Braze Data Platform,,,https://braze.com/product/data-activation,https://braze.com/careers,"Braze Data Platform | AI-Powered First-Party Data Activation
Be Absolutely Engaging.™
Braze Data Platform
Unify, activate, and distribute your proprietary data with a comprehensive, composable set of data capabilities and partner integrations that help you deliver meaningful experiences at scale.
Contact Sales
Build stronger customer relationships with first-party data.
Unify your data with speed and flexibility
Open a bi-directional flow of data via direct integrations between Braze and your data warehouse, CDP, digital properties, backend systems, and other software investments.
Build comprehensive user profiles
Create dynamic audiences with easy to use, flexible segmentation tools that make it possible to delight every user at every interaction.
Activate your data in real time
Get more out of your data to unlock relevance at scale with real-time triggers, personalized content and BrazeAI™.
Securely distribute customer data to any destination
Send product and customer data to any destination or system in real time, as a critical input to product and brand strategy.
Speed and flexibility
Integrate data from any source.
Connect directly to your data sources
Easily sync and manage customer and brand data from your source of truth—including Amazon Redshift, Databricks, Google BigQuery, Snowflake, Microsoft Azure, and AWS S3.
Easy data transformations
Use pre-configured webhooks, AI-generated code, and custom field mapping to integrate Braze with any software.
Customizable integrations
Connect Braze to your digital properties, backend systems, and other software with lightweight SDKs and modern APIs.
Zero-copy access to your data
Build audiences directly from your cloud data warehouse—without duplicating data.
Using the Braze Data Platform, Dyn Media leveraged its Snowflake data to create highly targeted win-back campaigns, resulting in a 10% re-engagement rate.
Read Case Study
Extensive partner ecosystem
Maximize the value of your tech stack.
Customer data management partners
Keep all of your systems and teams aligned by seamlessly syncing data to and from your data warehouse or customer data platform.
Analytics partners
Continuously stream customer engagement and behavior data from Braze to your business intelligence and data visualization tools for deeper analysis.
Paid media partners
Use first-party Braze data to dynamically target, trigger, or suppress paid ads across Criteo, Facebook, Google, Pinterest, Snapchat, and TikTok.
150+ turnkey partner integrations
Tap into our extensive partner network to bring data together for eCommerce, loyalty, personalization, order management, and more—all with ultra-low latency.
Learn about our partners
Cohesive customer profiles
Reach the right audience.
Flexible audience segmentation
Tap into 100+ out-of-the-box filters or use plain text prompts to easily build audience segments that are primed to engage—all without involving technical teams.
Automated identity resolution
Quickly and confidently merge and j",html_fallback
2026-06-02,Candid Health,BI (Analytics) Engineer,San Francisco,,https://jobs.ashbyhq.com/candidhealth/3b76459e-9521-4687-84a8-117b5b98a410,https://jobs.ashbyhq.com/candidhealth,"The Role
At Candid Health, we’re searching for an Analytics Engineer to bridge Analytics Engineering, Business Intelligence, and Data Analysis. As a key strategic investment for the company and product, you will be responsible for the data modeling and pipelines that enable our downstream data products. You will work closely with stakeholders across the business and play a foundational role in scaling the data team. Candid Health is positioned to unlock transformative technology for healthcare providers and the BI Engineer will play a critical role in that effort.
What You’ll Do
Own Data Modeling as a Practice:
Build and deliver critical reporting, analytics, and data models for varying use cases. You will be the standardbearer for operational excellence in our efforts to extrapolate data for meaningful outcomes
Set the Foundation for Future Data Work:
We have ambitious plans to leverage data as a key component to our long term product strategy. This role will improve and scale our data infrastructure, enabling future ML and AI products
Implement New Processes and Systems for Data Collection and Analysis:
Deep dive with engineers to understand complex production data. Ensure that tooling and visualization platforms are accurate and available
Who You Are
You have Bachelors degree in Math, Science, Engineering, or another data intensive field of study such as Library Science
You have 4+ years of experience working in a Data Science, Data Analytics, or Data Engineering at a high growth startup or scaled technical organization
You have experience working with data models, data pipelines and performing analysis
You have hands on experience working with common data warehouses such as Snowflake, BigQuery, or Redshift
Enthusiasm for data modeling; hopefully you have opinions on slow changing dimensions
You have a strong understanding of SQL and have used it in complex data environments
You have well-developed opinions on modern data engineering and an ability to bring others up to speed
You thrive in ambiguity and enjoy tackling complex tasks that have significant impact on the business at large
You’re a clear and concise communicator; you enjoy the challenge of explaining complicated ideas in simple terms, both in-person and in writing.
Experience or exposure with the broader set of technologies in our ecosystem: Google Cloud Platform (BigQuery), Metabase, Terraform, Python, DBT.
Pay Transparency
The estimated starting annual salary range for this position is $135,000 to $180,000 USD. The listed range is a guideline from
Pave
data, and the actual base salary may be modified based on factors including job-related skills, experience/qualifications, interview performance, market data, etc. Total compensation for this position may also include equity, sales incentives (for sales roles), and employee benefits. Given Candid Health’s funding and size, we heavily value the potential upside from equity in our compensation package. Further note that Candid Health",ashby
2026-06-02,Clever,Analytics,,,https://www.clever.com/products/clever-analytics,https://clever.com/careers,"Clever Analytics – Clever
Skip to Main Content
Schools
Back to Menu
Schools overview
Data & Access
Free
Secure Sync Rostering
Single sign-on
Clever Badges
Identity & Security
Identity Management
Secure Password Management
Multi-Factor Authentication
Clever Global
Canada
The U.K. and Ireland
Australia and New Zealand
Global Partners
Digital Classroom
Free
Classroom portal
Analytics
Services
Clever Training
Consulting Services
Premium support
Other Resources
Pricing
Get started with Clever
Interoperability
Resource hubs
District admin
Teachers Solutions
School tech leads
Google + Clever
HMH + Clever
McGraw Hill + Clever
Prodigy + Clever
Cybersecurity Pilot Resources
Application Partners
Back to Menu
Clever Complete for Application Partners
Secure Sync Rostering
Clever LMS Connect
Single sign-on
Clever Library
Companies Entering Education
Getting Started
Sign Up – For Partners
Pricing
Developer Docs
App store
Resource hubs
NEXT@ Clever – Partners
Back to school resources
Apps On Clever
Our Company
Back to Menu
About Us
Trust comes first
News
Careers
Inclusion at Clever
Help
Back to Menu
Learn
Help center
Free
24/7 access to an in-depth knowledge base
Resource Library
Explore case studies, reports and best practices
Clever Academy
Free
Free online training for educators
Product releases
The latest product and feature updates and platform improvements
Popular Resources
Clever Blog
Cybersecure Report
Classroom of the Future Report
Data-driven decisions start here
Turn millions of logins into actionable insights. Clever Analytics gives you the tools, free of charge, to understand how students and teachers use edtech.
Get started
Analytics designed for schools
Edtech data all in one place
Gain complete visibility into edtech engagement with Clever’s built-in dashboards and reports. Make informed decisions on purchasing and planning with the most historical and accurate data around.
Integrated with everything
Track access to any edtech program – even those accessed outside of Clever – to get the whole picture of edtech usage. Use pre-built dashboards, or export the data to your favorite tool.
Free of charge
Access all of our reports, extensions, and dashboards for free. No per user charge, no mandated rostering method, no restrictions on your data – it’s yours to analyze.
What you’ll get
Edtech Analytics
A secure browser extension that shows all application usage in one place –  down to the school and grade level, whether or not they are integrated with Clever. Available for Chromebooks and Windows devices.
Portal Analytics
Get a clear understanding of Edtech usage–including daily users, the most popular apps and logins by school. Adjust the time frame, user type, and more. View reports and data right in Clever, or export the reports to analyze them in your tools.
Participation and Resource Usage Reports
Daily snapshots sent straight to you. Understand usage trends for students, teachers, and staff in your district, including those that may be inactive.
C",html_fallback
2026-06-02,Clever,Clever Analytics,,,https://www.clever.com/products/clever-analytics,https://clever.com/careers,"Clever Analytics – Clever
Skip to Main Content
Schools
Back to Menu
Schools overview
Data & Access
Free
Secure Sync Rostering
Single sign-on
Clever Badges
Identity & Security
Identity Management
Secure Password Management
Multi-Factor Authentication
Clever Global
Canada
The U.K. and Ireland
Australia and New Zealand
Global Partners
Digital Classroom
Free
Classroom portal
Analytics
Services
Clever Training
Consulting Services
Premium support
Other Resources
Pricing
Get started with Clever
Interoperability
Resource hubs
District admin
Teachers Solutions
School tech leads
Google + Clever
HMH + Clever
McGraw Hill + Clever
Prodigy + Clever
Cybersecurity Pilot Resources
Application Partners
Back to Menu
Clever Complete for Application Partners
Secure Sync Rostering
Clever LMS Connect
Single sign-on
Clever Library
Companies Entering Education
Getting Started
Sign Up – For Partners
Pricing
Developer Docs
App store
Resource hubs
NEXT@ Clever – Partners
Back to school resources
Apps On Clever
Our Company
Back to Menu
About Us
Trust comes first
News
Careers
Inclusion at Clever
Help
Back to Menu
Learn
Help center
Free
24/7 access to an in-depth knowledge base
Resource Library
Explore case studies, reports and best practices
Clever Academy
Free
Free online training for educators
Product releases
The latest product and feature updates and platform improvements
Popular Resources
Clever Blog
Cybersecure Report
Classroom of the Future Report
Data-driven decisions start here
Turn millions of logins into actionable insights. Clever Analytics gives you the tools, free of charge, to understand how students and teachers use edtech.
Get started
Analytics designed for schools
Edtech data all in one place
Gain complete visibility into edtech engagement with Clever’s built-in dashboards and reports. Make informed decisions on purchasing and planning with the most historical and accurate data around.
Integrated with everything
Track access to any edtech program – even those accessed outside of Clever – to get the whole picture of edtech usage. Use pre-built dashboards, or export the data to your favorite tool.
Free of charge
Access all of our reports, extensions, and dashboards for free. No per user charge, no mandated rostering method, no restrictions on your data – it’s yours to analyze.
What you’ll get
Edtech Analytics
A secure browser extension that shows all application usage in one place –  down to the school and grade level, whether or not they are integrated with Clever. Available for Chromebooks and Windows devices.
Portal Analytics
Get a clear understanding of Edtech usage–including daily users, the most popular apps and logins by school. Adjust the time frame, user type, and more. View reports and data right in Clever, or export the reports to analyze them in your tools.
Participation and Resource Usage Reports
Daily snapshots sent straight to you. Understand usage trends for students, teachers, and staff in your district, including those that may be inactive.
C",html_fallback
2026-06-02,Cognition,Data Engineer,San Francisco,,https://jobs.ashbyhq.com/cognition/9ef920ff-de3d-4b5d-8733-f3bf92763b0f,https://jobs.ashbyhq.com/cognition,"We are an applied AI lab building end-to-end software agents.
We're the makers of Devin, the first AI software engineer, and Windsurf, the AI-native IDE. Together, they represent our vision for collaborative AI teammates that enable engineers to focus on more interesting problems and empower teams to strive for more ambitious goals.
Our team is small and talent-dense. Among our founding team, we have world-class competitive programmers, former founders, and leaders from companies at the cutting edge of AI including Scale AI, Palantir, Cursor, Waymo, Tesla, Lunchclub, Modal, Google DeepMind, and Nuro.
Building Devin and Windsurf is just the first step—our hardest challenges still lie ahead. If you’re excited to solve some of the world’s biggest problems and build AI that can reason on real-world tasks, apply to join us.
About the Role
We're hiring a technical Data Engineer to own our full data stack – from database architecture and pipelines to instrumenting telemetry and owning integrations and reporting. You'll design and maintain the systems that keep our data reliable, accessible, and actionable across the company.
There are multiple openings across various teams: GTM, Core Product, and Finance.
In this role you will:
Design and manage database architecture and data models
Build and maintain ETL/ELT pipelines and orchestration workflows
Create and manage new data integrations across internal and external systems
Own business reporting: datasets, dashboards, metrics, and self-serve analytics
Ensure data quality, observability, governance, and documentation
Requirements for the role:
4+ years in a data engineering, data science, or full-stack data role
Expert on SQL and Python (required)
Experience with data modeling, warehouse architecture, and BI-oriented schema design
Hands-on experience with ETL/ELT tools (dbt, Airflow, Dagster, etc.)
Experience building or maintaining BI reporting (Metabase a plus)
Experience developing scalable backend heavy applications
Strong knowledge of statistics and experimentation
Based in SF or NYC
Equal Opportunity
Cognition is an equal opportunity employer. We do not discriminate on the basis of race, color, religion, sex, sexual orientation, gender identity, national origin, age, disability, veteran status, or any other protected characteristic under applicable law. We are committed to providing reasonable accommodations for candidates with disabilities throughout the hiring process - please let us know if you need any.",ashby
2026-06-02,Consensys,"CorporateSenior Data EngineerFull-time ▪ UNITED STATES - Remote, CANADA - Remote, LATAM - Remote, EMEA - RemoteApplyarrow-right icon",Remote,,https://consensys.com/open-roles/7335693,https://consensys.com/careers,"Open Roles | Consensys
Skip to main content
Open Roles
Help us build a decentralized future. Find your spot in our organization.
Filter By Team
All Disciplines
MetaMask
Corporate > Office of the CSO
Corporate
Filter By Location
All Locations
GLOBAL - Remote
EMEA - Remote
LATAM - Remote
UNITED STATES - Remote
CANADA - Remote
MetaMask
Design Director - MetaMask (Transactions)
CANADA - Remote, EMEA - Remote, LATAM - Remote, UNITED STATES - Remote
Full-time
MetaMask
Principal Mobile Engineer, Platform - MetaMask
GLOBAL - Remote
Full-time
Corporate > Office of the CSO
Senior Application Security Engineer
UNITED STATES - Remote, EMEA - Remote
Full-time
Corporate
Senior Data Engineer
UNITED STATES - Remote, CANADA - Remote, LATAM - Remote, EMEA - Remote
Full-time
MetaMask
Senior Design Engineer - MetaMask
United States - Remote, EMEA - Remote
Full-time
MetaMask
Senior Product Manager – Universal KYC (MetaMask Passport)
EMEA - Remote, UNITED STATES - Remote
Full-time
MetaMask
Senior Software Engineer - MetaMask Card
CANADA - Remote, EMEA - Remote, LATAM - Remote, UNITED STATES - Remote
Full-time
MetaMask
Senior Staff DevOps Engineer - MetaMask
UNITED STATES - Remote, CANADA - Remote, LATAM - Remote
Full-time
MetaMask
Staff Software Engineer: Consumer (Money)
United States - Remote, EMEA - Remote
Full-time
MetaMask
Staff UX Motion Designer - MetaMask
UNITED STATES - Remote, CANADA - Remote, LATAM - Remote
Full-time
MetaMask
Staff UX Researcher - MetaMask
GLOBAL - Remote
Full-time",html_fallback
2026-06-02,Datadog,Product Analytics,,,https://www.datadoghq.com/product/product-analytics/,https://datadog.com/careers,"Product Analytics | Datadog
Join Datadog at DASH in NYC, June 9-10. | The future of AI + Observability starts here.
DASH NYC, June 9-10 | AI + Observability
Product
Infrastructure
Infrastructure Monitoring
Metrics
Container Monitoring
Kubernetes Autoscaling
Network Monitoring
Serverless
Cloud Cost Management
Cloudcraft
Storage Management
GPU Monitoring
Applications
Application Performance Monitoring
Universal Service Monitoring
Continuous Profiler
Dynamic Instrumentation
LLM Observability
Data
Database Monitoring
Data Streams Monitoring
Quality Monitoring
Jobs Monitoring
Logs
Log Management
Sensitive Data Scanner
Audit Trail
Observability Pipelines
Security
Code Security
Software Composition Analysis
Static Code Analysis (SAST)
Runtime Code Analysis (IAST)
IaC Security
Cloud Security
Cloud Security Posture Management
Cloud Infrastructure Entitlement Management
Vulnerability Management
Compliance
Cloud SIEM
Workload Protection
App and API Protection
Sensitive Data Scanner
Security Labs Research
Open Source Projects
Secret Scanning
Digital Experience
Browser Real User Monitoring
Mobile Real User Monitoring
Product Analytics
Experiments
Session Replay
Synthetic Monitoring
Mobile App Testing
Error Tracking
BYOC Log Management
Software Delivery
Internal Developer Portal
CI Visibility
Test Optimization
Continuous Testing
IDE Plugins
Feature Flags
Code Coverage
Service Management
Event Management
Software Catalog
Service Level Objectives
Incident Response
Case Management
Workflow Automation
App Builder
Bits AI SRE
Watchdog
AI
LLM Observability
GPU Monitoring
AI Integrations
Bits AI Agents
Bits AI SRE
Bits AI Security Analyst
MCP Server
Pup CLI
Agent Directory
Watchdog
Event Management
Platform Capabilities
Bits AI Agents
Metrics
Watchdog
Alerts
Dashboards
Notebooks
Mobile App
Fleet Automation
Governance Console
Access Control
Incident Response
Case Management
Event Management
Workflow Automation
App Builder
Cloudcraft
CoScreen
Teams
OpenTelemetry
Integrations
IDE Plugins
MCP Server
Pup CLI
Agent Directory
API
Marketplace
DORA Metrics
Customers
Pricing
Solutions
Industry
Financial Services
Manufacturing & Logistics
Healthcare/Life Sciences
Retail/E-Commerce
Government
Education
Media & Entertainment
Technology
Gaming
Technology
Amazon Web Services Monitoring
Azure Monitoring
Google Cloud Monitoring
Oracle Cloud Monitoring
Kubernetes Monitoring
Red Hat OpenShift
Pivotal Platform
OpenAI
SAP Monitoring
OpenTelemetry
Use Case
Application Security
Cloud Migration
Monitoring Consolidation
Unified Commerce Monitoring
SOAR
DevOps
FinOps
Shift-Left Testing
Digital Experience Monitoring
Security Analytics
Compliance for CIS Benchmarks
Hybrid Cloud Monitoring
Edge Device Monitoring
Real-Time BI
On-Premises Monitoring
Log Analysis & Correlation
CNAPP
About
Contact
Partners
Newsroom
Events & Webinars
Leadership
Careers
Analyst Reports
Investor Relations
ESG Report
Trust Hub
Blog
The Monitor
Engineering
AI
Security Labs
Docs
Login
Get Started
Feature Overview
Datadog ",html_fallback
2026-06-02,DoorDash,Analytics,,,https://careersatdoordash.com/career-areas/analytics/,https://www.doordash.com/careers,,html_fallback
2026-06-02,Earnest,Analytics Engineer II,"San Francisco, CA (Remote)",,https://app.careerpuck.com/job-board/earnest/job/7863484?gh_jid=7863484,https://boards.greenhouse.io/earnest,"<div class=""content-intro""><p><strong><em>Earnest empowers ambitious professionals to make confident financial decisions and build the life they envision.</em></strong><strong><em> </em></strong></p>
<p><em>Earnies are committed to helping borrowers move forward with confidence by offering smarter borrowing options with a clearer path to taking control of their debt. If you’re as passionate as we are about our mission, read more below, and let’s build something great together.&nbsp;</em></p></div><p><strong>The </strong><strong>Analytics Engineer</strong><strong> will report to</strong><strong> the Senior Manager, Data Platforms &amp; Analytics Engineering.&nbsp;</strong></p>
<p><strong>As the </strong><strong>Analytics Engineer II, </strong><strong>you will:</strong></p>
<ul>
<li>Build and improve data models that enable faster, more reliable decision-making across Product, Risk, and Analytics</li>
<li>Reduce bottlenecks by delivering clean, scalable datasets analysts can trust and use independently</li>
<li>Support both roadmap initiatives and ad hoc needs to keep business teams moving without delays</li>
<li>Improve data quality and structure so new products and features can be analyzed and launched with confidence</li>
</ul>
<p><strong>About You:</strong><strong>&nbsp;</strong></p>
<ul>
<li>3+ years in analytics engineering, data engineering, or similar</li>
<li>Strong SQL and experience building data models that support business use cases</li>
<li>Experience with dbt and modern data warehouses (Snowflake, Redshift, etc.)</li>
<li>Comfortable working cross-functionally and translating messy data into usable insights</li>
<li>Curious, proactive, and motivated to solve problems—not just complete tasks</li>
</ul>
<p><strong>Even Better:</strong></p>
<ul>
<li>Experience with Airflow or similar orchestration toolsBI tools (Looker, Tableau, etc.)</li>
<li>Exposure to fintech, product analytics, or high-growth environments</li>
</ul>
<p><strong>Where:</strong></p>
<ul>
<li>This role will be based in the US.</li>
</ul>
<p><strong>Compensation:&nbsp;</strong></p>
<p>A little about our pay philosophy: We take pride in compensating our employees fairly and equitably. We are showcasing a range of your potential base salary based on the role's location. The successful candidate’s starting pay will also be determined based on job-related qualifications, internal compensation, candidate location and budget. This range may be modified in the future.</p>
<p>Salary Range: $112,500 - $150,000<strong> </strong>USD.<strong> </strong>Employees are also eligible for an annual performance-based bonus and equity.</p>
<p>#LI-GA</p><div class=""content-conclusion""><p><strong>Earnest believes in enabling our employees to live their best lives. We offer a variety of perks and competitive benefits, including:&nbsp;</strong></p>
<ul>
<li>Health, Dental, &amp; Vision benefits plus savings plans</li>
<li>Mac computers + work-from-home stipend to set up your home office</li>
<",greenhouse
2026-06-02,Fivetran,AnalyticsDrive smarter business decisions with real-time analytics,,,https://fivetran.com/use-case/analytics,https://fivetran.com/careers,,html_fallback
2026-06-02,Gong,Gong ForecastForecast accuracy and org-wide action become second nature with unbiased insights and centralized analytics.More about Gong Forecast,,,https://gong.ai/platform/revenue-forecasting-software,https://gong.ai/careers,"Gong - Revenue AI OS
#1 AI OS for Revenue Teams
Revenue AI Built To
Close deals faster
Close deals faster
Capture every interaction, analyze what's working, and automate what happens next — ring the gong, deal after deal, quarter after quarter.
See Gong in action
Trusted by 5,000+ customers
Winning GTM organizations run revenue on Gong
Drive productivity, predictability, and growth with revenue AI.
Productivity
Predictability
Growth
Pitchbook is
10x more efficient
with revenue AI
Kick busywork to the curb and help your entire GTM team focus on what matters — winning.
""Gong insights help us learn, train our reps, and — most importantly — provide a better service to our customers and prospects. Working with Gong gives me confidence that we will succeed.""
Paul Santarelli
Chief Sales Officer
Learn more
Read the case study
T
h
e
w
o
r
l
d
’
s
r
i
c
h
e
s
t
r
e
v
e
n
u
e
g
r
a
p
h
,
a
t
e
a
m
o
f
s
p
e
c
i
a
l
i
z
e
d
A
I
a
g
e
n
t
s
,
a
n
d
a
p
p
s
y
o
u
r
t
e
a
m
l
o
v
e
s
t
o
u
s
e
.
A
l
l
d
e
s
i
g
n
e
d
t
o
h
e
l
p
y
o
u
r
r
e
v
e
n
u
e
t
e
a
m
w
i
n
.
Power your revenue engine with AI — from prospecting to expansion
AI applications purpose-built for revenue teams, with tuned agents powering your workflows.
Learn about our product
Gong Revenue AI OS
Where humans, agents and tools work together to optimize revenue outcomes.
Unify customer insights with the
Gong Revenue Graph
Deliver actionable
intelligence
through advanced AI
Automate and orchestrate
actions and workflows across platforms, so teams and AI agents work in sync to drive predictable growth
Gong Engage
Prioritize and personalize every sales engagement. Send pipeline to the moon with AI keeping communications targeted and efficient.
Learn about Gong Engage
Gong Forecast
Forecast accuracy and org-wide action become second nature with unbiased insights and centralized analytics.
More about Gong Forecast
Gong Enable
Turn every rep into a top performer with the only revenue enablement solution grounded in real customer interactions.
Learn about Gong Enable
Gong Agents
Get help with the grunt work. Discover how Gong Agents automate follow-ups, pipeline edits, enablement triggers, and forecast corrections.
Meet the agents
Gong Revenue Graph
A living network of your revenue data that automatically captures and connects every interaction across your business.
Details on Gong Revenue Graph
Gong Collective
Meet robust integrations and services expertly curated to help any enterprise win more with Gong.
Learn more about Gong Collective
-
-
0
1
2
3
4
5
6
7
8
9
.
,
+
%
b
$
-
-
0
1
2
3
4
5
6
7
8
9
.
,
+
%
b
$
%
of the FORTUNE 10 run on Gong
-
-
0
1
2
3
4
5
6
7
8
9
.
,
+
%
b
$
-
-
0
1
2
3
4
5
6
7
8
9
.
,
+
%
b
$
-
-
0
1
2
3
4
5
6
7
8
9
.
,
+
%
b
$
/5
average star rating across 6,200+ G2 reviews
-
-
0
1
2
3
4
5
6
7
8
9
.
,
+
%
b
$
X
leader in the Forrester Wave™
-
-
0
1
2
3
4
5
6
7
8
9
.
,
+
%
b
$
-
-
0
1
2
3
4
5
6
7
8
9
.
,
+
%
b
$
-
-
0
1
2
3
4
5
6
7
8
9
.
,
+
%
b
$
-
-
0
1
2
3
4
5
6
7
8
9
.
,
+
%
b
$",html_fallback
2026-06-02,Gridware,"Data Engineer, Active Grid Response","San Francisco, CA",,https://jobs.lever.co/gridware/ffe216c9-1fb4-4e35-87a6-af89ab08c28c,https://jobs.lever.co/gridware,"Responsibilities 
- Building ETL/ELT pipelines that ingest transformer, pole, and sensor telemetry into Gridware’s Data Lake and Lakehouse
- Developing and maintaining real-time and batch ingestion processes using Python, SQL, Databricks, and Spark
- Implementing data quality checks, validation rules, and automated testing for stable operations
- Collaborating with Software, Firmware, and Data Science teams to define ingestion schemas and transformations
- Working with cloud-native tools to optimize pipeline throughput and cost efficiency
- Monitoring pipelines for reliability, troubleshooting issues, and contributing to on-call rotations
- Writing documentation for data processes, models, and metadata
Required Skills 
- 2–4 years of experience as a Data Engineer (or Backend Engineer with heavy data exposure)
- Strong proficiency in Python and SQL
- Familiarity with data warehouses, Lakehouse platforms, or big data tools (Databricks, Spark, or equivalent)
- Experience with pipeline orchestration tools (Airflow, Dagster, Prefect, etc.)
- Understanding of event-driven systems or streaming platforms (Kafka, Kinesis, Pub/Sub)
- Solid foundation in data modeling, testing, and version control
- Ability to work collaboratively in a high-autonomy, fast-paced environment
Bonus Skills 
- Experience with IoT, telemetry ingestion, or time-series data
- Exposure to Unity Catalog, governance, or schema enforcement
- Understanding of Protobuf, Avro, Parquet, or serialization formats
- Hands-on experience with observability tools (Grafana, OpenTelemetry)",lever
2026-06-02,Gridware,"Senior Data Analyst, Fleet Triage & Operations","San Francisco, CA",,https://jobs.lever.co/gridware/3a6f26bf-c744-45ee-b109-120a10e8923e,https://jobs.lever.co/gridware,"Responsibilities 
- Own and operate Gridware's fleet triage pipeline for device health issues, intaking signals from telemetry, monitoring, field reports, and customer feedback, and routing them through a tiered prioritization framework.
- Define and continuously tune detection logic, thresholds, and alerting rules that distinguish signal from noise across device health, connectivity, configuration, and environmental data.
- Maintain a tiered triage approach (P0–P3) with clear entry criteria, SLAs, ownership, and escalation paths across hardware, firmware, and connectivity stakeholders.
- Build dashboards and queries that surface emerging trends — shifts in last-seen, connectivity degradation, configuration drift, anomalous failure clusters — before they reach incident severity.
- Investigate ambiguous fleet signals to determine scope, impact, and likely owner across the Gridscope and connectivity hardware programs; produce structured triage write-ups that enable fast cross-functional action.
- Lead postmortems end-to-end: facilitate blameless reviews, reconstruct incident timelines, drive root cause analysis, and own action items through to closure.
- Track triage and incident metrics (time-to-detect, time-to-acknowledge, false positive rate, repeat-issue rate) and use them to iterate on the pipeline.
- Document triage playbooks, runbooks, and decision trees so the process scales beyond any one person.
Required Skills
- Bachelor's degree in Computer Science, Data Science, Engineering, Statistics, or related field.
- 5+ years in a data-focused or operations-focused role (Data Analyst, Operations Analyst, Site Reliability Analyst, or similar) where triage, prioritization, or incident response was a core responsibility.
- Proficiency in SQL and Python for querying telemetry data and automating triage workflows.
- Demonstrated experience designing prioritization frameworks, alerting logic, or triage pipelines in high-signal environments.
- Strong analytical judgment for distinguishing meaningful signal from noise in noisy, real-world data.
- Excellent written communication, with a track record of producing concise, structured issue summaries and postmortem documents.
- Comfort facilitating cross-functional discussions, including blameless postmortems with engineering, firmware, and operations stakeholders.
Bonus Skills
- Experience leading postmortems or incident reviews for IoT fleets, distributed systems, or large-scale hardware deployments.
- Familiarity with Databricks, PySpark, Pandas, and observability tools (Looker, Grafana, Datadog).
- Exposure to time-series telemetry, anomaly detection, and SLO/SLA design.
- Experience with power-constrained, solar-powered, or communication-constrained connected devices.
- A passion for sustainability, clean tech, or the energy industry.",lever
2026-06-02,Gridware,"Senior Data Engineer, Data Lake & Governance","San Francisco, CA",,https://jobs.lever.co/gridware/adda173c-a93e-416b-8a0c-77d7e066106e,https://jobs.lever.co/gridware,"Responsibilities
- Deploy and manage Unity Catalog to standardize data governance, lineage, and access control across data domains.
- Design, develop, and maintain scalable data pipelines and architectures.
- Implement data ingestion, transformation, and storage solutions.
- Ensure data quality and integrity across various data sources and destinations.
- Collaborate with software engineers, data scientists, analysts, and other stakeholders to meet data requirements.
- Optimize and tune data workflows for performance and efficiency.
- Monitor, troubleshoot, and resolve issues in data pipelines and related systems.
- Document data processes, architecture, and workflow procedures.
Required Skills
- 5+ years of professional experience in data engineering or related roles, building and scaling real-time data infrastructure
- Experience designing and maintaining data lakes and lakehouse architectures with governance and access controls
- Strong in Python and SQL, with deep experience in relational, time-series, and streaming databases
- Hands-on with modern data stacks - Spark, Kafka, Databricks, Grafana, and other cloud-native tools
- Skilled in data modeling, ETL/ELT pipelines, and real-time streaming architectures for production systems
- Familiar with CI/CD, version control, and data governance/security best practices
Bonus Skills
- Experience with real-time data processing and streaming analytics frameworks
- Familiarity with IoT and embedded systems, including sensor data pipelines and edge computing
- Hands-on with Docker, Kubernetes, and Protobuf in production environments
- Exposure to machine learning workflows and real-time monitoring for IoT and time-series data
- Comfortable operating in a high-growth startup environment, adapting quickly across domains",lever
2026-06-02,Grow Therapy,"Data Analyst, Product Analytics",San Francisco,,https://jobs.ashbyhq.com/grow-therapy/c4d6d3fe-57ec-4d3e-9c94-a80c24c30bd5,https://jobs.ashbyhq.com/grow-therapy,"About Us:
Grow Therapy is on a mission to serve as the trusted partner for therapists growing their practice, and patients accessing high-quality care. Powered by technology, we are a three-sided marketplace that empowers providers, augments insurance payors, and serves patients. Following the mass increase in depression and anxiety, the need for accessibility is more important than ever. To make our vision for mental healthcare a reality, we’re building a team of entrepreneurs and mission-driven go-getters. Since launching in February 2021, we’ve empowered more than ten thousand therapists and hundreds of thousands of clients across the country and insurance landscape. We’ve raised more than $178mm of funding from Sequoia Capital, Transformation Capital, TCV, SignalFire, and others.
The Opportunity:
We are looking for a Data Analyst to help us drive data-driven insights and reporting in Product at Grow Therapy, and who will work on a variety of reporting, analytics and experimentation projects. You’ll join a broader data organization of analysts, data scientists, and data engineers, and be part of a San Francisco–based analytics team reporting into an Analytics Manager. This role will support our Lives Covered product group.
What You’ll Be Doing:
Partner with Product and other technical stakeholders to prioritize analytical needs and support product launches, decision-making, and ad hoc requests through clear, data-driven insights
Develop, maintain, and evolve core product and performance reporting, including business-critical dashboards built on scalable, reliable datasets
Support experimentation and A/B testing through thoughtful design, execution, analysis, and clear, actionable conclusions
Create compelling data visualizations and storytelling assets to effectively communicate insights to diverse audiences
Collaborate with senior and staff analysts on complex, high-impact analytical projects, including data modeling and OKR development
Work closely with data scientists and data engineers to improve data availability, integrity, accuracy, reliability, and logging/pipeline quality
You’ll Be a Good Fit If:
You have 3+ years proven experience in using analytics to tackle business problems that cross multiple product/project areas and teams, ideally in a high-growth, fast-paced environment.
You have strong SQL skills and intermediate understanding of experimental design (such as A/B experiments).
You are a wizard at building business critical dashboards/data visualizations (ideally within Hex or Looker, with strong LookML expertise)
You have experience with data modeling (dbt) or are eager to learn
You love data storytelling, creating a compelling narrative by extracting insights from data, and summarizing learnings / takeaways for executives.
You enjoy communicating effectively and building relationships with both technical and non-technical stakeholders.
You deeply value the importance of expanding access to mental health care.
Employment Type:",ashby
2026-06-02,Harvey,"Command Center→Analytics, benchmarking, and agentic insights to lead their organization’s AI transformation",,,https://harvey.ai/command-center,https://harvey.ai/careers,"Analytics, Benchmarking, and Intelligent Recommendations for Legal AI | Harvey Command Center
Platform
Overview
A unified view of how Harvey's products work together to support your entire practice.
Assistant
Ask questions, analyze documents, and draft faster with domain-specific AI.
Vault
Securely store, organize, and bulk-analyze legal documents.
Knowledge
Research complex legal, regulatory, and tax questions across domains.
Agents
Purpose built agents execute complex legal work end to end.
Harvey Mobile
Get up to speed, capture new information, and keep work moving from anywhere.
Ecosystem
Access Harvey where you already work and ground every answer in sources you trust.
Contract Intelligence
Surface insights, strengthen negotiations, and accelerate reviews.
Command Center
Analytics, benchmarking, and agentic insights to lead their organization’s AI transformation
Harvey Agents
Harvey Agents execute legal work end-to-end, so you can focus on what only lawyers can do.
Solutions
Innovation
Scale expertise and impact to drive firmwide transformation.
In-House
Streamline work and shift focus to strategy and speed.
Transactional
Accelerate due diligence, contract analysis, and review with precision and control.
Litigation
Reduce manual effort, prioritize strategy, and drive stronger outcomes in litigation.
Mid-Sized Firms
Drive outsize impact with tools built for lean teams.
Collaboration
Work with legal teams across organizations in secure, shared spaces.
A New Era of Collaboration for Legal and Professional Services
Law firms and professional service networks have been using Harvey to build new service models and add value collaboratively.
Customers
Security
Resources
Blog
Product updates, insights, and behind-the-scenes from the Harvey team.
Resources Hub
The latest videos, webinars, guides, and reports from Harvey.
Press Kit
Resources for maintaining a uniform and professional presentation of the Harvey brand.
ROI Calculator Law Firm
See Harvey's Impact on Your Firm.
ROI Calculator In House
See Harvey's Impact on Your Business.
Harvey Academy
Introducing Harvey Academy: on-demand training, expert workflows, and step-by-step guidance to help legal teams get the most out of Harvey.
About
Company
About Harvey, our leadership, and career opportunities.
Newsroom
Press releases and partnership announcements.
2025 Year in Review
In 2025, we celebrated major customer wins, introduced product breakthroughs, and expanded our global presence. Most importantly, we continued to deepen our commitment to building the best AI solutions for our customers.
Request a Demo
Login
US
EU
AU
Steer Your AI Transformation With Confidence.
Command Center gives Innovation and Legal Ops teams the analytics, benchmarking, and agentic insights to lead their organization’s AI transformation
Join the Waitlist
Watch Video
0
0
%
Active users
May 11
May 12
May 13
May 14
May 15
May 16
May 17
Your firm
Peer firms
Weekly
This week
0
%
0
%
Percentage of users who used each product
10",html_fallback
2026-06-02,Harvey,"Command CenterAnalytics, benchmarking, and agentic insights to lead their organization’s AI transformation",,,https://harvey.ai/command-center,https://harvey.ai/careers,"Analytics, Benchmarking, and Intelligent Recommendations for Legal AI | Harvey Command Center
Platform
Overview
A unified view of how Harvey's products work together to support your entire practice.
Assistant
Ask questions, analyze documents, and draft faster with domain-specific AI.
Vault
Securely store, organize, and bulk-analyze legal documents.
Knowledge
Research complex legal, regulatory, and tax questions across domains.
Agents
Purpose built agents execute complex legal work end to end.
Harvey Mobile
Get up to speed, capture new information, and keep work moving from anywhere.
Ecosystem
Access Harvey where you already work and ground every answer in sources you trust.
Contract Intelligence
Surface insights, strengthen negotiations, and accelerate reviews.
Command Center
Analytics, benchmarking, and agentic insights to lead their organization’s AI transformation
Harvey Agents
Harvey Agents execute legal work end-to-end, so you can focus on what only lawyers can do.
Solutions
Innovation
Scale expertise and impact to drive firmwide transformation.
In-House
Streamline work and shift focus to strategy and speed.
Transactional
Accelerate due diligence, contract analysis, and review with precision and control.
Litigation
Reduce manual effort, prioritize strategy, and drive stronger outcomes in litigation.
Mid-Sized Firms
Drive outsize impact with tools built for lean teams.
Collaboration
Work with legal teams across organizations in secure, shared spaces.
A New Era of Collaboration for Legal and Professional Services
Law firms and professional service networks have been using Harvey to build new service models and add value collaboratively.
Customers
Security
Resources
Blog
Product updates, insights, and behind-the-scenes from the Harvey team.
Resources Hub
The latest videos, webinars, guides, and reports from Harvey.
Press Kit
Resources for maintaining a uniform and professional presentation of the Harvey brand.
ROI Calculator Law Firm
See Harvey's Impact on Your Firm.
ROI Calculator In House
See Harvey's Impact on Your Business.
Harvey Academy
Introducing Harvey Academy: on-demand training, expert workflows, and step-by-step guidance to help legal teams get the most out of Harvey.
About
Company
About Harvey, our leadership, and career opportunities.
Newsroom
Press releases and partnership announcements.
2025 Year in Review
In 2025, we celebrated major customer wins, introduced product breakthroughs, and expanded our global presence. Most importantly, we continued to deepen our commitment to building the best AI solutions for our customers.
Request a Demo
Login
US
EU
AU
Steer Your AI Transformation With Confidence.
Command Center gives Innovation and Legal Ops teams the analytics, benchmarking, and agentic insights to lead their organization’s AI transformation
Join the Waitlist
Watch Video
0
0
%
Active users
May 11
May 12
May 13
May 14
May 15
May 16
May 17
Your firm
Peer firms
Weekly
This week
0
%
0
%
Percentage of users who used each product
10",html_fallback
2026-06-02,Hex,📊AI analytics use case:how Mercor unlocked $100M in revenue,,,https://hex.ai/customers/mercor/,https://hex.ai/careers,"Mercor - Customer spotlight | Hex
Skip to main content
Mercor unlocked $100M in revenue, scaling dashboards across hundreds of projects
Mercor scaled from zero to $100M in revenue using Hex's Notebook Agent to build dashboards across hundreds of customer projects, turning days of reporting work into hours.
Stage /
Growth
Features /
Notebook Agent
Industry /
Technology & Software
About
Mercor
Mercor connects human expertise with leading AI labs and enterprises to train frontier models.
Outcome
$100M unlocked in one year
100% self-service across functions
230 employees company-wide use Hex
Scale achieved
60+ metrics tracked per project
Hundreds of simultaneous active projects
All departments on Hex: Ops, Finance, Product, Engineering, ML, Growth
The challenge: Scaling operations at lightning speed
Mercor hires industry experts to train models that power the world's leading AI labs. When foundation AI model builders need human-generated data to train and evaluate their models, they turn to Mercor's marketplace of skilled contributors. Each client can have multiple projects — or AI models to train. The more projects Mercor can deliver, the more revenue they can generate from their clients.
When Dhaval Patel joined Mercor as a Strategic Project Lead (and the tenth employee), the company had less than a dozen active client projects. A year later, Mercor had over 230 employees in the United States, managing hundreds of projects across the world's leading foundation model companies, major tech enterprises, and top AI application startups — each needing its own reports to track the project’s progress and throughput.
The data team? It did not exist. Everyone accessed data the hard way: VPNing into AWS, using local tools like Beekeeper or TablePlus on their laptops. There was no central analytics platform, collaborative dashboards, or way to track the metrics that mattered. Every dashboard built meant pulling raw data and using Excel and Google Sheets to build dashboards, while waiting on a handful of technical people to build custom reports. For a company operating on hour-to-hour timelines, where a delayed decision could mean millions in lost revenue, relying on a few technical folks was not sustainable. They needed an analytics tool that would help them keep up.
The solution: Operational insights at scale, powered by Hex’s Notebook Agent and data apps
Dhaval had built his previous company's analytics on Hex and knew exactly what it could do. When he joined Mercor, he made Hex the analytical and business intelligence foundation for everything — Ops, Finance, Sourcing, and Sales. Now, Mercor runs analytics for all departments on Hex.
Hex became Mercor's analytics foundation — and their only analytics tool
Mercor uses Snowflake as their primary data warehouse to store operational metrics, but project tracking requires pulling from multiple sources, including: Google Sheets, Airtable, and the Mercor platform. Hex became the connective tissue, allowing teams ",html_fallback
2026-06-02,Hex,Embedded analytics,,,https://hex.ai/product/embedded-analytics/,https://hex.ai/careers,"Embedded Analytics for Product Teams and Builders | Hex
Skip to main content
Embedded analytics,
built for agility
Seamlessly embed powerful data experiences for your customers.
Get in touch
Request a demo
Trusted by leading data teams
“
Our vision for Notion’s data team is that anyone, regardless of technical proficiency, is comfortable using data to answer their own questions – and Hex enables that.
”
Aks Nemana
“
Hex lets us go from an ad-hoc analysis to a published data app with just a few clicks.
”
Sai Srigiriaju
“
Since adopting Hex, the data team has churned out a steady stream of analysis, from internal benchmarking to evaluating the effectiveness of metrics.
”
Matt Palmer
Drive growth
with stunning analytics
BUILD
Ship faster
Use Hex's fast, flexible notebook to deliver data insights to your customers in minutes instead of weeks or months.
With queries, code, and no-code living in one canvas, your data team can build stunning visualizations for your engineers to embed.
Discover Notebooks
CUSTOMIZE
Make it yours
Customize your embedded app for a white-labeled user interface, indistinguishable from the rest of your product.
Easily preview and test your embedded experience to make sure it meets the quality bar your customers know and love.
Discover Data Apps
EMBED
Easy, breezy integration
Light-weight and easy to use, the Hex Embed API is designed for developer-friendly implementation.
No bulky SDK integrations — just hand off your beautiful dashboards for deployment.
SCALE
Low floor, high ceiling
Build one project to power tailored data apps for all your customers, without engineering overhead.
Start small, and scale as you grow new revenue streams from embedded experiences.
quote
""
Hex has completely transformed our analytics capabilities. We can now create new embedded analytics dashboards in minutes, and the platform's flexibility allows us to easily adapt to our customers' diverse needs.
”
Ronald Miller
Engineering Manager, Data at MedScout
quote
""
Before Hex embedded analytics, we dealt with authentication barriers that complicated our reporting workflow. Now, our clients have a seamless experience where their personalized analytics are baked right into our secure portal.
”
Sam Martin
Data Science Manager at Candidly
Deliver a first-class user experience
Seamless authentication
A single API call handles pass-through authentication and row-level security, so your customers simply log in to your product for immediate access to only their own data.
Interactive analytics
Go beyond static dashboards, and build dynamic data apps that take in user inputs. Let your customers export CSVs and PDFs for their own analyses.
Real-time data
Keep your customers’ dashboards fresh with live queries against your cloud data warehouse for the latest and greatest data.
Monetize your data with embedded analytics
Get in touch with us to see a demo or find out which plan is right for you.
Contact Sales
Made with
🍩
☕
🥟
🍺
🍰
🔮
🔒
🥖
🍷
🛌
💜
🥨
🛹
🍤
🧄
🍞
🥥
⛳
🤞
🔊
🎧
on
🌎
",html_fallback
2026-06-02,Hubspot,Marketing Analytics,,,https://www.hubspot.com/products/marketing/analytics,https://hubspot.com/careers,"Optimize Reporting with Marketing Analytics Software | HubSpot
Logo - Full (Color)
Marketing
Marketing Analytics & Dashboard Software
Marketing Analytics & Dashboard Software
Measure the performance of all your marketing campaigns in one place with built-in analytics, reports, and dashboards.
Get started free
Get a demo
Identify top-performing assets across the buyer’s journey
Check site performance and measure traffic
Analyze reports across several marketing channels
Click to enlarge
Analyze marketing performance in one easy-to-use dashboard.
Marketers have access to more data than ever before. But that data is hard to analyze when it lives in separate systems. It can be a challenge to track performance and get campaign insights.
Start making smarter, data-backed decisions with HubSpot’s marketing analytics and dashboard software. See how marketing interactions drive revenue, track site analytics, and get detailed reports for all your marketing channels.
Track the complete customer lifecycle.
See how every marketing interaction contributes to closed revenue. Build reports that analyze your CRM data to discover key trends. Use the unique HubSpot tracking code to monitor the actions of your website visitors to understand behavior and trigger automation workflows. Use multi-touch revenue attribution to map how marketing touchpoints work together to drive revenue.
Click to enlarge
Analyze website performance metrics.
To create a great web experience, you need to know how visitors are interacting with your site. Measure traffic to your website and check its quality based on interactions. Analyze how each of your pages is performing, compare key metrics like sessions and conversion rates, and find out which traffic sources bring in the most sessions and customers over time.
Click to enlarge
Get detailed marketing reports.
With HubSpot, analytics are built into everything you do, right out of the box. Have all the data you need to make smarter, data-driven decisions as you grow. See detailed reports for every marketing asset, from your website to emails, blog posts, social media, and more. Then add any report to your dashboard to track everything in one place.
Click to enlarge
Have questions? Give us a call and we'll walk you through it.
+1 857-829-5060
Analyze marketing performance in one dashboard
​​Measure the performance of all your marketing campaigns in one place with built-in analytics, reports, and dashboards.
See your website data
Related Resources
If you’re interested in marketing analytics, these related resources may help.
Previous
Next
Academy Lesson: Analytics in Marketing
Master how to measure and analyze data and metrics to understand the impact of your marketing activities.
Learn marketing analytics
Blog: Web Analytics and Digital Marketing Analytics
Learn how to use digital marketing analytics to turn your business objectives into measurable outcomes.
Read analytics blog
Knowledge Base Article: Analyze Your Site Traffic
Use HubSpot's ",html_fallback
2026-06-02,Imply,"Data Analytics, Business Intelligence & Growth",,,https://imply.com/engb/access-and-ticket/data-analytics-business-intelligence-growth/,https://imply.com/careers,"Data Analytics, Business Intelligence & Growth | Imply® Technology
ELEVENTICKETS
Data Analytics, Business Intelligence & Growth
Intelligence that turns data into real growth.
Learn more
Drive real results with a data-driven approach powered by ElevenTickets Intelligence
ElevenTickets Intelligence is Imply®’s Data Intelligence solution designed to turn data into tangible business results. By combining data engineering, data science, generative AI, and business analytics, it delivers meaningful insights to support smarter decisions and drive revenue growth.
✓ Integrate:
Ticketing, consumption, sales, access, memberships/subscribers, audience behavior, CRM, and more.
✓ Analyze:
AI and data science to uncover patterns and opportunities.
✓ Act:
Clear, actionable insights to optimize operations and grow revenue.
Full data integration
ElevenTickets Intelligence brings together data from all ElevenTickets solutions, making it easier to plan personalized experiences and high-conversion campaigns. It also integrates external sources, such as CRM systems and CSV files, giving you a complete 360° view of your business.
Turn data into real growth
Backed by data and business experts and powered by an integrated platform, ElevenTickets Intelligence connects your data and delivers insights you can act on.
✓ Decide:
Clear, actionable dashboards with data-driven insights.
✓ Intelligence:
Smart, tailored segmentation and predictive analytics powered by generative AI.
✓ Act:
Automated, customized campaigns and more effective audience communication.
✓ Results:
New revenue streams and sustainable, data-driven growth.
Data interpretation powered by Generative AI
ElevenTickets Intelligence’s Generative AI transforms complex data into clear, easy-to-understand analysis, helping you interpret information and make faster, more confident decisions.
Instead of just viewing data, you gain a practical understanding of it. Generative AI can interpret information, answer questions, and deliver valuable insights for better management.
✓
Automated performance summaries
✓
Clear data explanations
✓
Actionable recommendations
✓
Trend and anomaly detection
Proven results
Since 2025, Mogi Basquete has been accelerating its performance with ElevenTickets Intelligence. In just a few months, the impact is clear:
+ 1000% growth in new members/subscribers
+ 200% increase in attendance per game
+ 100% growth in revenue from memberships and ticket sales
“More than implementing technology, together with Imply® ElevenTickets we built a management model driven by data, fan experience, and integrated revenue generation. We now have new tools to strengthen our relationship with fans and create ongoing initiatives that keep them engaged with Mogi. This proves that when technology, marketing, operations, and experience work together, fans respond. The results speak for themselves and show that the club has reached a new level of performance and management.” Paulo Pinto, CEO
Security you can trust
At",html_fallback
2026-06-02,Instacart,Data Science & Analytics,,,https://instacart.com/team-data-science,https://instacart.com/careers,,html_fallback
2026-06-02,Intercom,Senior Analytics Engineer,"Berlin, Germany",,https://job-boards.greenhouse.io/intercom/jobs/7808051,https://boards.greenhouse.io/intercom,"<div class=""content-intro""><p><a href=""https://fin.ai/"">Fin</a> is the AI Customer Agent company on a mission to help businesses provide perfect customer experiences.</p>
<p>Our AI Agent Fin is the highest-performing AI Customer Agent on the market today, enabling businesses to deliver impeccable, always-on customer support across the customer journey – from service, to sales, to ecommerce. Powered by our own AI models, Fin resolves complex customer issues end-to-end across every channel, with minimal set-up and integration. Fin can also be combined with our natively integrated Intercom help desk for one single system that is designed to meet the needs of modern day support teams.</p>
<p>Founded in 2011, Fin became one of the fastest growing companies and remains one of the largest private software companies in the world with nearly 30,000 global businesses using our products to transform their customer support. Driven by our core values, we push boundaries, build with speed and intensity, and relentlessly deliver incredible value to our customers.</p></div><h2>What is the opportunity?</h2>
<p>Fin's AI Group is responsible for defining new ML features, researching appropriate algorithms and technologies, and rapidly getting first prototypes in our customers’ hands.</p>
<p>We are extremely product-focussed. Our team of 50+ ML scientists, ML engineers, designers and researchers works in partnership with other teams across the whole company. We move to production fast, often shipping to beta within weeks of a successful offline test.&nbsp;</p>
<p>We constantly run experiments and measure the success of our AI features. We use frequentist and Bayesian approaches. We create dashboards to track results. We dive deep into exactly how users are being successful, and have to tease out all sorts of complex user interactions. We have to deal with inherently stochastic AI products, and complex effects.</p>
<p>We are looking for a dedicated Analytics Engineer to join the AI Group to help us with that.</p>
<h2>What will I be doing?</h2>
<ul>
<li><strong>Data Platform Development:</strong> Design, build, and manage scalable data pipelines and ETL processes to support a robust, analytics-ready data platform.</li>
<li><strong>Cross-functional Collaboration:</strong> Partner with ai analysts, ml scientists, engineers and business teams to understand data needs and ensure accurate, reliable &amp; ergonomic data solutions.</li>
<li><strong>Data Strategy &amp; Governance:</strong> Lead initiatives in data model development, data quality ownership, warehouse management, and production support for critical workflows.</li>
<li><strong>Advanced Analytics &amp; Insights:</strong> Conducted data analysis and built custom models to support strategic business decisions and performance measurement.</li>
<li><strong>Automation &amp; Optimization:</strong> Streamline data collection and reporting processes to reduce manual effort and improve efficiency.</li>
<li><strong>Innovat",greenhouse
2026-06-02,Intercom,Senior Analytics Engineer,"Dublin, Ireland",,https://job-boards.greenhouse.io/intercom/jobs/7807847,https://boards.greenhouse.io/intercom,"<div class=""content-intro""><p><a href=""https://fin.ai/"">Fin</a> is the AI Customer Agent company on a mission to help businesses provide perfect customer experiences.</p>
<p>Our AI Agent Fin is the highest-performing AI Customer Agent on the market today, enabling businesses to deliver impeccable, always-on customer support across the customer journey – from service, to sales, to ecommerce. Powered by our own AI models, Fin resolves complex customer issues end-to-end across every channel, with minimal set-up and integration. Fin can also be combined with our natively integrated Intercom help desk for one single system that is designed to meet the needs of modern day support teams.</p>
<p>Founded in 2011, Fin became one of the fastest growing companies and remains one of the largest private software companies in the world with nearly 30,000 global businesses using our products to transform their customer support. Driven by our core values, we push boundaries, build with speed and intensity, and relentlessly deliver incredible value to our customers.</p></div><h2>What is the opportunity?</h2>
<p>Fin's AI Group is responsible for defining new ML features, researching appropriate algorithms and technologies, and rapidly getting first prototypes in our customers’ hands.</p>
<p>We are extremely product-focussed. Our team of 50+ ML scientists, ML engineers, designers and researchers works in partnership with other teams across the whole company. We move to production fast, often shipping to beta within weeks of a successful offline test.&nbsp;</p>
<p>We constantly run experiments and measure the success of our AI features. We use frequentist and Bayesian approaches. We create dashboards to track results. We dive deep into exactly how users are being successful, and have to tease out all sorts of complex user interactions. We have to deal with inherently stochastic AI products, and complex effects.</p>
<p>We are looking for a dedicated Analytics Engineer to join the AI Group to help us with that.</p>
<h2>What will I be doing?</h2>
<ul>
<li><strong>Data Platform Development:</strong> Design, build, and manage scalable data pipelines and ETL processes to support a robust, analytics-ready data platform.</li>
<li><strong>Cross-functional Collaboration:</strong> Partner with ai analysts, ml scientists, engineers and business teams to understand data needs and ensure accurate, reliable &amp; ergonomic data solutions.</li>
<li><strong>Data Strategy &amp; Governance:</strong> Lead initiatives in data model development, data quality ownership, warehouse management, and production support for critical workflows.</li>
<li><strong>Advanced Analytics &amp; Insights:</strong> Conducted data analysis and built custom models to support strategic business decisions and performance measurement.</li>
<li><strong>Automation &amp; Optimization:</strong> Streamline data collection and reporting processes to reduce manual effort and improve efficiency.</li>
<li><strong>Innovat",greenhouse
2026-06-02,Intercom,Senior Analytics Engineer,"London, England",,https://job-boards.greenhouse.io/intercom/jobs/7808050,https://boards.greenhouse.io/intercom,"<div class=""content-intro""><p><a href=""https://fin.ai/"">Fin</a> is the AI Customer Agent company on a mission to help businesses provide perfect customer experiences.</p>
<p>Our AI Agent Fin is the highest-performing AI Customer Agent on the market today, enabling businesses to deliver impeccable, always-on customer support across the customer journey – from service, to sales, to ecommerce. Powered by our own AI models, Fin resolves complex customer issues end-to-end across every channel, with minimal set-up and integration. Fin can also be combined with our natively integrated Intercom help desk for one single system that is designed to meet the needs of modern day support teams.</p>
<p>Founded in 2011, Fin became one of the fastest growing companies and remains one of the largest private software companies in the world with nearly 30,000 global businesses using our products to transform their customer support. Driven by our core values, we push boundaries, build with speed and intensity, and relentlessly deliver incredible value to our customers.</p></div><h2>Senior Analytics Engineer&nbsp;</h2>
<h4>Communication has changed for people. It’s changed for businesses, too.</h4>
<p>Fin is the AI Customer Service company on a mission to help businesses provide incredible customer experiences.</p>
<p>Our AI agent Fin, the most advanced customer service AI agent on the market, lets businesses deliver always-on, impeccable customer service and ultimately transform their customer experiences for the better. Fin can also be combined with our Helpdesk to become a complete solution called the Fin Customer Service Suite, which provides AI enhanced support for the more complex or high touch queries that require a human agent.</p>
<p>Founded in 2011 and trusted by nearly 30,000 global businesses, Fin is setting the new standard for customer service. Driven by our core values, we push boundaries, build with speed and intensity, and consistently deliver incredible value to our customers.</p>
<h2>What is the opportunity?</h2>
<p>Fin's AI Group is responsible for defining new ML features, researching appropriate algorithms and technologies, and rapidly getting first prototypes in our customers’ hands.</p>
<p>We are extremely product-focussed. Our team of 50+ ML scientists, ML engineers, designers and researchers works in partnership with other teams across the whole company. We move to production fast, often shipping to beta within weeks of a successful offline test.&nbsp;</p>
<p>We constantly run experiments and measure the success of our AI features. We use frequentist and Bayesian approaches. We create dashboards to track results. We dive deep into exactly how users are being successful, and have to tease out all sorts of complex user interactions. We have to deal with inherently stochastic AI products, and complex effects.</p>
<p>We are looking for a dedicated Analytics Engineer to join the AI Group to help us with that.</p>
<h2>What will I be doing?</h2>
<ul",greenhouse
2026-06-02,Intercom,Senior Data Scientist - Product Analytics,"London, England",,https://job-boards.greenhouse.io/intercom/jobs/6317929,https://boards.greenhouse.io/intercom,"<div class=""content-intro""><p><a href=""https://fin.ai/"">Fin</a> is the AI Customer Agent company on a mission to help businesses provide perfect customer experiences.</p>
<p>Our AI Agent Fin is the highest-performing AI Customer Agent on the market today, enabling businesses to deliver impeccable, always-on customer support across the customer journey – from service, to sales, to ecommerce. Powered by our own AI models, Fin resolves complex customer issues end-to-end across every channel, with minimal set-up and integration. Fin can also be combined with our natively integrated Intercom help desk for one single system that is designed to meet the needs of modern day support teams.</p>
<p>Founded in 2011, Fin became one of the fastest growing companies and remains one of the largest private software companies in the world with nearly 30,000 global businesses using our products to transform their customer support. Driven by our core values, we push boundaries, build with speed and intensity, and relentlessly deliver incredible value to our customers.</p></div><h2>What's the opportunity?&nbsp;</h2>
<ul>
<li>The Research, Analytics &amp; Data Science (RAD) team at Fin use data and insights to drive evidence based decision-making. We're a team of data scientists and product researchers who use data — both big and small — to unlock actionable insights about our customers, our products and our business. We generate insights that build customer empathy, drive product strategy and shape products that deliver real value to our customers. If you get really excited about asking the right questions, exploring patterns in data and surfacing actionable insights that drive strategic decisions, then this role is for you.</li>
<li>Data Scientists in RAD partner with teams across R&amp;D to help Fin make sense of our users, our products and our business, using metrics and data. This role will enable you to drive key data projects that directly impact our customers and millions of end users who communicate via our messaging platform daily.</li>
</ul>
<h2>What will I be doing?&nbsp;</h2>
<ul>
<li>You’ll partner with product teams to help them identify important questions and answer those questions with data</li>
<li>You’ll work closely with product managers, designers and engineers to develop key product success metrics, to set targets, to measure results and outcomes, and to size opportunities</li>
<li>You’ll design, build and update end-to-end data pipelines, working closely with stakeholders to drive the collection of new data and the refinement of existing data sources and tables.</li>
<li>You’ll partner closely with product researchers to build a holistic understanding of our customers, our products and our business.</li>
<li>You’ll influence our product roadmap and product strategy through experimentation, exploratory analysis and quantitative research</li>
<li>You’ll build and automate actionable models and dashboards</li>
<li>You’ll craft data stories and sha",greenhouse
2026-06-02,Intercom,Senior GTM Data Analyst,"Chicago, Illinois",,https://job-boards.greenhouse.io/intercom/jobs/7851785,https://boards.greenhouse.io/intercom,"<div class=""content-intro""><p><a href=""https://fin.ai/"">Fin</a> is the AI Customer Agent company on a mission to help businesses provide perfect customer experiences.</p>
<p>Our AI Agent Fin is the highest-performing AI Customer Agent on the market today, enabling businesses to deliver impeccable, always-on customer support across the customer journey – from service, to sales, to ecommerce. Powered by our own AI models, Fin resolves complex customer issues end-to-end across every channel, with minimal set-up and integration. Fin can also be combined with our natively integrated Intercom help desk for one single system that is designed to meet the needs of modern day support teams.</p>
<p>Founded in 2011, Fin became one of the fastest growing companies and remains one of the largest private software companies in the world with nearly 30,000 global businesses using our products to transform their customer support. Driven by our core values, we push boundaries, build with speed and intensity, and relentlessly deliver incredible value to our customers.</p></div><h2>What's the opportunity?&nbsp;</h2>
<p>As part of the GTM Analytics team, you will be the data partner for Fin's Mindshare function — the team responsible for building brand awareness, shaping market perception, and creating early engagement with target buyers. This role focuses on the top of the funnel: understanding how brand marketing, executive programs, experimentation, and upper funnel initiatives drive awareness, reach, and engagement before prospects ever enter a sales cycle. You will partner with Brand Marketing, Executive Programs, and GTM leadership to measure what's resonating, design experiments, and surface the insights that inform how Fin shows up in the market.</p>
<h2>What will I be doing?&nbsp;</h2>
<ul>
<li><strong>Top of Funnel</strong> <strong>Insights:</strong> Own reporting and analysis for upper funnel programs — measuring reach, awareness, engagement, and early-stage interest across brand marketing, content, and executive outreach initiatives.</li>
<li><strong>Brand</strong> <strong>Marketing</strong> <strong>Measurement:</strong> Develop frameworks to assess brand campaign effectiveness — tracking how brand investments translate into audience reach, mindshare, and downstream consideration.</li>
<li><strong>Executive</strong> <strong>Programs</strong> <strong>Analytics:</strong> Measure the impact of executive dinners, outreach programs, and high-touch engagement — understanding which accounts are being reached, how they engage, and what signals emerge.</li>
<li><strong>Experimentation:</strong> Design and analyze experiments across Mindshare programs — helping the team test messaging, channels, formats, and targeting to learn what drives awareness and engagement most effectively.</li>
<li><strong>Audience</strong> <strong>&amp;</strong> <strong>Reach</strong> <strong>Analysis:</strong> Analyze who Fin is reaching across Mindshare initiatives — segmenting by ICP, ac",greenhouse
2026-06-02,Ironclad,Staff Data Scientist - Product Analytics,San Francisco,,https://jobs.ashbyhq.com/ironcladhq/787067e0-87b3-4bfa-9e4d-d0ace4ccee1f,https://jobs.ashbyhq.com/ironcladhq,"Ironclad is the leading AI contracting platform that transforms agreements into assets. Contracts move faster, insights surface instantly, and agents push work forward, all with you in control.  Whether you’re buying or selling, Ironclad unifies the entire process on one intelligent platform, providing leaders with the visibility they need to stay one step ahead. That’s why the world’s most transformative organizations, from Rivian to the World Health Organization and the Associated Press, trust Ironclad to accelerate their business.
We’re consistently recognized as a leader in the industry: a Leader in the Forrester Wave and Gartner Magic Quadrant for Contract Lifecycle Management, a Fortune Great Place to Work, and one of Fast Company’s Most Innovative Workplaces. Ironclad has also been named to Forbes’ AI 50  and Business Insider’s list of Companies to Bet Your Career On. We’re backed by leading investors including Accel, Y Combinator, Sequoia, BOND, and Franklin Templeton. For more information, visit
www.ironcladapp.com
or follow us on LinkedIn.
This is a hybrid role. Office attendance is required at least twice a week on Tuesdays and Thursdays for collaboration and connection. There may be additional in-office days for team or company events.
About the Role
At Ironclad, Product Data Scientists partner closely with product teams to drive smarter, more efficient contract management solutions. Leveraging data to identify opportunities and validate ideas, they help shape product development and deliver real customer value. They partner across engineering, product, and go-to-market teams to identify friction points and optimize processes. Embracing a culture of data-informed decision-making, Ironclad’s data scientists collaborate across disciplines to ensure that product choices are grounded in evidence and aligned with business goals.
This role will report to the Head of Product Analytics.
What You’ll Do
Work hand-in-hand with product managers, designers, and engineers to frame key questions, define metrics, and develop hypotheses that guide product strategy.
Analyze user behavior and product usage data to uncover friction points and areas for improvement in contract management workflows.
Design and run experiments to test new features and optimizations, providing clear, actionable insights that inform prioritization and iteration.
Build dashboards and self-serve reporting tools that empower product teams to monitor performance and make timely, data-informed decisions.
Foster a collaborative environment where data is accessible and integral to the product development, helping teams move confidently from ideas to impact.
Identify and implement Generative AI solutions to automate internal data workflows, such as code generation, documentation, and routine reporting, to increase the team’s operational velocity.
What We’re Looking For
8+ years of experience as a Data Scientist in the Product Analytics space.
Advanced proficiency in SQL & Python.
Fam",ashby
2026-06-02,Ironclad,Senior Analytics Engineer,San Francisco,,https://jobs.ashbyhq.com/ironcladhq/92c4c68b-e18d-4f87-bb3b-fcac248fdd51,https://jobs.ashbyhq.com/ironcladhq,"Ironclad is the leading AI contracting platform that transforms agreements into assets. Contracts move faster, insights surface instantly, and agents push work forward, all with you in control.  Whether you’re buying or selling, Ironclad unifies the entire process on one intelligent platform, providing leaders with the visibility they need to stay one step ahead. That’s why the world’s most transformative organizations, from Rivian to the World Health Organization and the Associated Press, trust Ironclad to accelerate their business.
We’re consistently recognized as a leader in the industry: a Leader in the Forrester Wave and Gartner Magic Quadrant for Contract Lifecycle Management, a Fortune Great Place to Work, and one of Fast Company’s Most Innovative Workplaces. Ironclad has also been named to Forbes’ AI 50  and Business Insider’s list of Companies to Bet Your Career On. We’re backed by leading investors including Accel, Y Combinator, Sequoia, BOND, and Franklin Templeton. For more information, visit
www.ironcladapp.com
or follow us on LinkedIn.
About the Role
As a Senior Analytics Engineer, you will be responsible for developing and optimizing our dbt infrastructure, implementing scalable data models, and ensuring consistent business logic across a fast-growing organization. You will partner cross-functionally with analytics, data science, data engineering, and data-savvy business stakeholders to design reliable and consistent datasets that serve as the foundation for understanding our business.
In this role, you will play a pivotal part in our AI transformation. You will leverage AI to boost the efficiency of our own data pipelines while architecting ""AI-ready"" data assets that empower our analytics and business teams to perform advanced, LLM-driven analysis.
This role will report into the Sr. Manager of Analytics Engineering.
What You’ll Do
Data Transformation:
Design and maintain transformations that ensure accurate, scalable, and high-quality datasets as the bedrock of our data warehouse.
dbt Architecture:
Serve as the Architect for our dbt project, evolving the architecture, design patterns, and best practices to ensure consistent data definitions and streamlined development.
Metric Unification:
Standardize metrics across our BI tools to drive seamless self-service analytics in Looker and high-accuracy results in AI-powered exploration tools.
Team Mentorship:
Provide guidance and code reviews to analysts and analytics engineers, fostering a culture of collaboration and excellence in dbt and data modeling.
Workflow Modernization:
Integrate AI-assisted workflows (e.g., Claude Code) into the development lifecycle to accelerate code generation, documentation, and testing.
AI Context Engineering:
Architect ""AI-ready"" data by designing enriched metadata and context guides that enable intuitive, natural-language data exploration for business users.
Stack Collaboration:
Partner with Data Engineering to design ingestion and transformation pipeli",ashby
2026-06-02,Kikoff,Senior Data Engineer,San Francisco,,https://job-boards.greenhouse.io/kikoff/jobs/4157501009,https://boards.greenhouse.io/kikoff,"<div class=""content-intro""><p data-pm-slice=""1 1 []""><strong>Kikoff: The Fintech Powering Financial Security at Scale</strong><br>Kikoff is a profitable, pre-IPO fintech company on a mission to empower everyone to achieve financial security. With record revenue growth in 2025 and a unicorn valuation, we've built a suite of products that help millions of people build credit, access liquidity, and save money.<br>We're scaling fast. Join us if you want to build something meaningful and help millions of people move forward financially.</p>
<p>&nbsp;</p>
<p><strong>Why Kikoff:</strong></p>
<p>This is a consumer fintech startup, and you will be working with serial entrepreneurs who have built strong consumer brands and innovative products. We value extreme ownership, clear communication, a strong sense of craftsmanship, and the desire to create lasting work and work relationships. Yes, you can build an exciting business AND have real-life real-customer impact.</p></div><p data-pm-slice=""1 3 []"">We are looking for a Data Engineer or Analytics Engineer to join our Data team. You will collaborate with the data scientist and engineers to design, build, and scale high-leverage data models, foundational datasets and scalable infrastructure that enables analytics, modeling, and experimentation. Your responsibilities includes:</p>
<ul>
<li>
<p>Build and optimize high-quality ergonomic foundational datasets and the relevant data pipelines</p>
</li>
<li>
<p>Establish data quality management processes at scale</p>
</li>
<li>
<p>Build analytical dashboards</p>
</li>
</ul>
<p>Qualifications</p>
<ul>
<li>
<p>Bachelors’ or above in quantitative discipline: Statistics, Applied Mathematics, Economics, Computer Science, Engineering, or related field</p>
</li>
<li>
<p>A minimum of 2 years of work experience in data engineering</p>
</li>
<li>
<p>Hands-on experience in building robust data models and data pipelines</p>
</li>
<li>
<p>A self-starter with a bias for action and excellent communication skills, with ability to explain complex technical concepts in easy-to-understand ways</p>
</li>
<li>
<p>Expert knowledge of SQL, and popular data engineering tools such as snowflake, dbt, Dagster etc</p>
</li>
<li>
<p>Experience working with DS team</p>
</li>
<li>
<p>A humble collaborative can-do attitude and natural curiosity</p>
</li>
</ul><div class=""content-pay-transparency""><div class=""pay-input""><div class=""title"">Base Range</div><div class=""pay-range""><span>$226,000</span><span class=""divider"">&mdash;</span><span>$254,000 USD</span></div></div></div><div class=""content-conclusion""><p><u>Equal Employment Opportunity Statement</u></p>
<p>Kikoff Inc. is an equal opportunity employer. We are committed to complying with all federal, state, and local laws providing equal employment opportunities and considers qualified applicants without regard to race, color, religion, creed, gender, national origin, age, disability, veteran status, marital status, pregnancy, sex, gender expres",greenhouse
2026-06-02,LMArena,Data Engineer,Bay Area,,https://jobs.ashbyhq.com/arena/ea176c3c-2fb8-4928-b59e-d7aadf500481,https://jobs.ashbyhq.com/arena,"About Arena Intelligence
Arena Intelligence is the open platform for evaluating how AI models perform in the real world. Created by researchers from UC Berkeley’s SkyLab, our mission is to measure and advance the frontier of AI for real-world use.
Millions of people use Arena Intelligence each month to explore how frontier systems perform — and we use our community’s feedback to build transparent, rigorous, and human-centered model evaluations. Leading enterprises and AI labs rely on our evaluations to understand real-world reliability, alignment, and impact. Our leaderboards are the gold standard for AI performance — trusted by leaders across the AI community and shaping the global conversation on model reliability and progress.
We’re a team of researchers, engineers, academics, and builders from places like UC Berkeley, Google, Stanford, DeepMind, and Discord. We seek truth, move fast, and value craftsmanship, curiosity, and impact over hierarchy. We’re building a company where thoughtful, curious people from all backgrounds can do their best work. Everyone on our team is a deep expert in their field — our office radiates excellence, energy, and focus.
About the Role
Arena Intelligence is seeking an experienced
Data Engineer
to own the data foundations that power real-world AI evaluation. In this role, you will design and build the analytics-layer data models, pipelines, and metrics that turn raw user activity and votes into trusted insights for the public, AI labs, and enterprise customers.
This role sits at the intersection of
data engineering, analytics, and product
. You’ll work closely with researchers, product managers, and engineers to define schemas, standardize metrics, and ensure that our evaluation data is accurate, interpretable, and scalable. Your work will directly shape how AI performance is measured, understood, and acted upon across the industry.
This is an ideal role for someone who enjoys building
clean, well-modeled data systems
, cares deeply about data quality and correctness, and wants to see their work influence both product decisions and external customers.
You’ll
Own the design and implementation of analytics-ready data models, schemas, and tables in our data warehouse
Build and maintain reliable data pipelines (batch and incremental) that transform raw event and vote data into standardized, trusted datasets
Define and standardize core metrics used across product, research, and customer-facing evaluations
Partner with product managers and researchers to translate evaluation questions into robust data models
Develop and maintain dashboards, reports, and data artifacts used by internal teams and external partners
Ensure data quality through testing, validation, monitoring, and documentation
Orchestrate and schedule data workflows using Airflow or equivalent tools
Optimize queries and pipelines to support large-scale analytical workloads
Contribute to improving data discoverability, lineage, and documentation across the w",ashby
2026-06-02,LogicMonitor,Log Management & Analytics,,,https://logicmonitor.com/platform/logs,https://logicmonitor.com/careers,"Log Management & Intelligence | LogicMonitor
Forrester Total Economic Impact™ study finds Edwin AI delivered a 313% ROI for composite organization.
Read more
View all
Platform
Infrastructure
Cloud & Multi-Cloud
Log Management
Edwin AI
Solution
Automation
Tool Consolidation
Reduce MTTR
Cost Optimization
Industry
Healthcare
Financial Services
Public Sector
MSP
Role
CIO
ITOps
CloudOps
AIOps
There is no result.
Turn
Log Management
Into Log Intelligence
Correlate metrics, logs, and traces with contextual events automatically. Surface anomalies cut noise, and get to root cause faster—no query language or context switching required.
Try it free
See our platform
When logs are easy to search, filter, and connect to everything else, teams
troubleshoot faster, resolve issues earlier, and stay focused on what matters
Resolve incidents with less chaos
Teams fix problems faster when log data, metrics, and alerts are already connected—no context switching, no dead ends.
Prevent small issues from becoming big ones
Real-time insight into patterns and anomalies helps you catch problems early and avoid costly escalations.
Keep your team focused on what matters
You won’t waste time chasing false alarms or digging through noise. Just see clear signals when something needs action.
Strengthen collaboration across Dev, Ops, and Sec
When everyone works from the same log data in one platform, silos shrink and handoffs get smoother.
Control log costs without sacrificing clarity
You don’t need to ingest everything—just the logs that matter most, stored and routed where they add value.
Stay prepared for whatever comes next
Whether it’s an outage, an audit, or an investigation, you’ll always have the log data you need—no scrambling, no gaps.
OBSERVABILITY POWERED BY LOGICMONITOR ENVISION AND EDWIN AI
Everything you need to go
from logs to answers fast
LM Envision’s Logs connects the dots between your logs, metrics, and alerts in real time—no context switching, no query language, no waiting. With built-in anomaly detection, pattern recognition, and automated log analysis, you can reduce noise, eliminate blind spots, and troubleshoot faster in a single platform.
Monitor
Investigate
Detect
Customize
Correlate
Catch unusual behavior before it turns into real problems
Automatically highlight never-before-seen log events and behaviors, so you can act on the early signs of an issue before it spreads.
See anomalies in real time
Dynamic detection surfaces new patterns and deviations across devices, apps, and services.
Act before users feel it
Anomaly detection adapts over time and flags unexpected behaviors specific to each resource.
Explore patterns and anomalies in your log data
Search, filter, and visualize log activity across applications, services, and infrastructure—no query language required. Spot trends, track unusual behavior, and investigate changes over time with ease.
Dig into behavior across systems
Identify spikes, outliers, or repeating errors across services, hosts, or",html_fallback
2026-06-02,LogicMonitor,"Director, Business Intelligence & Data StrategyBusiness TechnologyAustin, TX",Austin,,https://logicmonitor.com/career/?gh_jid=7803526,https://logicmonitor.com/careers,"Careers | LogicMonitor
Forrester Total Economic Impact™ study finds Edwin AI delivered a 313% ROI for composite organization.
Read more
View all
Platform
Infrastructure
Cloud & Multi-Cloud
Log Management
Edwin AI
Solution
Automation
Tool Consolidation
Reduce MTTR
Cost Optimization
Industry
Healthcare
Financial Services
Public Sector
MSP
Role
CIO
ITOps
CloudOps
AIOps
There is no result.
Business Technology, Austin, TX
Director, Business Intelligence & Data Strategy
About Us:
We love going to work and think you should too. Our team is dedicated to trust, customer obsession, agility, and striving to be better everyday. These values serve as the foundation of our culture, guiding our actions and driving us towards excellence. We foster a culture of performance and recognition, allowing us to transform growth as we enable our employees to do the best work of their careers.
This role is open to candidates based in or near Austin, TX.
Our Austin office is based in the vibrant San Jacinto Center downtown with breathtaking views of Lady Bird Lake. At LogicMonitor, we hire within our Centers of Energy—vibrant locations where our teams connect, collaborate, and innovate.
To learn more about life at LogicMonitor, check out our
Careers Page
.
What You'll Do:
LogicMonitor® is the AI-first hybrid observability platform powering the next generation of digital infrastructure. LogicMonitor delivers complete visibility and actionable intelligence across on-premises, cloud, and edge environments. By anticipating issues before they strike, optimizing resources in real time, and enabling faster, smarter decisions, LogicMonitor helps IT and business leaders protect margins, accelerate innovation, and deliver exceptional digital experiences without compromise.
Our customers love LogicMonitor's ability to bring cloud and traditional IT together into one view, as seen in minimal churn rates, expansion business, and exciting new customer references. In fact, LogicMonitor has received the highest Net Promoter Score of any IT Infrastructure Management provider. LogicMonitor also boasts high employee satisfaction. We have been certified as a Great Place To Work®, and named one of BuiltIn's Best Places to Work for the seventh year in a row!
The Director, Business Intelligence & Data Strategy will be responsible for transforming our data organization into a trusted, scalable, and AI-enabled enterprise capability. You will partner closely with executive stakeholders across Product, Finance, GTM, and Operations to deliver measurable business impact while elevating the credibility and effectiveness of the data function.
Here's a closer look at this key role:
Data Platform & Technical Leadership
Own and evolve the end-to-end data architecture across Snowflake and Power BI
Drive improvements in data modeling, transformation frameworks, semantic layer design, performance, and cost efficiency
Establish best practices for data engineering, BI development, and analytics consumption
Ensu",html_fallback
2026-06-02,LogicMonitor,"Lead Data EngineerBusiness TechnologyAustin, TX",Austin,,https://logicmonitor.com/career/?gh_jid=7761912,https://logicmonitor.com/careers,"Careers | LogicMonitor
Forrester Total Economic Impact™ study finds Edwin AI delivered a 313% ROI for composite organization.
Read more
View all
Platform
Infrastructure
Cloud & Multi-Cloud
Log Management
Edwin AI
Solution
Automation
Tool Consolidation
Reduce MTTR
Cost Optimization
Industry
Healthcare
Financial Services
Public Sector
MSP
Role
CIO
ITOps
CloudOps
AIOps
There is no result.
Business Technology, Austin, TX
Lead Data Engineer
About Us:
We love going to work and think you should too. Our team is dedicated to trust, customer obsession, agility, and striving to be better everyday. These values serve as the foundation of our culture, guiding our actions and driving us towards excellence. We foster a culture of performance and recognition, allowing us to transform growth as we enable our employees to do the best work of their careers.
This role is open to candidates based in or near Austin, TX.
Our Austin office is based in the vibrant San Jacinto Center downtown with breathtaking views of Lady Bird Lake. At LogicMonitor, we hire within our Centers of Energy—vibrant locations where our teams connect, collaborate, and innovate.
To learn more about life at LogicMonitor, check out our
Careers Page
.
What You'll Do:
LogicMonitor® is the AI-first hybrid observability platform powering the next generation of digital infrastructure. LogicMonitor delivers complete visibility and actionable intelligence across on-premises, cloud, and edge environments. By anticipating issues before they strike, optimizing resources in real time, and enabling faster, smarter decisions, LogicMonitor helps IT and business leaders protect margins, accelerate innovation, and deliver exceptional digital experiences without compromise.
Our customers love LogicMonitor's ability to bring cloud and traditional IT together into one view, as seen in minimal churn rates, expansion business, and exciting new customer references. In fact, LogicMonitor has received the highest Net Promoter Score of any IT Infrastructure Management provider. LogicMonitor also boasts high employee satisfaction. We have been certified as a Great Place To Work®, and named one of BuiltIn's Best Places to Work for the seventh year in a row!
The Business Intelligence and Data team transforms complex, global data into strategic assets that inform decision-making across the organization. As a Lead Data Engineer, you will operate at the intersection of architecture and business impact—shaping the data platform, accelerating innovation, and enabling data-driven outcomes at scale.
In the Lead Data Engineer role, you will define and drive the technical vision for data engineering, leading the design of scalable, high-impact data platforms, pipelines, and models. You will partner closely with cross-functional stakeholders to align data strategy with business priorities, establish engineering standards, and elevate data quality and accessibility across the enterprise. Acting as a senior technical leader and hands-",html_fallback
2026-06-02,LogicMonitor,"Sr. Data EngineerBusiness TechnologyPune, India / Bangalore, India",Austin,,https://logicmonitor.com/career/?gh_jid=7929699,https://logicmonitor.com/careers,"Careers | LogicMonitor
Forrester Total Economic Impact™ study finds Edwin AI delivered a 313% ROI for composite organization.
Read more
View all
Platform
Infrastructure
Cloud & Multi-Cloud
Log Management
Edwin AI
Solution
Automation
Tool Consolidation
Reduce MTTR
Cost Optimization
Industry
Healthcare
Financial Services
Public Sector
MSP
Role
CIO
ITOps
CloudOps
AIOps
There is no result.
Business Technology, Pune, India / Bangalore, India
Sr. Data Engineer
About Us:
We love going to work and think you should too. Our team is dedicated to trust, customer obsession, agility, and striving to be better everyday. These values serve as the foundation of our culture, guiding our actions and driving us towards excellence. We foster a culture of performance and recognition, allowing us to transform growth as we enable our employees to do the best work of their careers.
This position is located in Pune.
You'll be working in a major tech center of Pune, India. Across the globe, our Centers of Energy serve as hubs where we accelerate productivity and collaboration, inspire creativity, and cultivate a culture of connection and celebration. Our teams coordinate their time in Centers of Energy to reflect how they work best.
To learn more about life at LogicMonitor, check out our
Careers Page
.
What You'll Do:
LogicMonitor® is the AI-first hybrid observability platform powering the next generation of digital infrastructure. LogicMonitor delivers complete visibility and actionable intelligence across on-premises, cloud, and edge environments. By anticipating issues before they strike, optimizing resources in real time, and enabling faster, smarter decisions, LogicMonitor helps IT and business leaders protect margins, accelerate innovation, and deliver exceptional digital experiences without compromise.
Our customers love LogicMonitor's ability to bring cloud and traditional IT together into one view, as seen in minimal churn rates, expansion business, and exciting new customer references. In fact, LogicMonitor has received the highest Net Promoter Score of any IT Infrastructure Management provider. LogicMonitor also boasts high employee satisfaction. We have been certified as a Great Place To Work®, and named one of BuiltIn's Best Places to Work for the seventh year in a row!
The Senior Data Engineer is part of the Data Management and Business Intelligence team and is responsible for making big data actionable by implementation and ongoing maintenance of LogicMonitor data warehouse and reporting tools. You will design, build, and oversee the deployment and operation of the technology used to manage, store, and utilize data from internal and external sources. The role will assists with user interface and business applications design and work with stakeholders to ensure database specifications, tables, and element attributes are accessible as required.
You'll be responsible for designing, developing, and maintaining data solutions to support our broad profile of enth",html_fallback
2026-06-02,Mercor,Data Engineer,San Francisco,,https://jobs.ashbyhq.com/mercor/7d9d9439-848b-4fb4-b276-9efc71bb7148,https://jobs.ashbyhq.com/mercor,"About Mercor
Mercor's mission is to organize human intelligence to power the AI economy. We partner with leading AI labs and enterprises to provide the human intelligence essential to AI development. Our vast talent network trains frontier AI models in the same way teachers teach students: by sharing knowledge, experience, and context that can't be captured in code alone. Today, more than 30,000 experts in our network collectively earn over $2 million a day.
Mercor is creating a new category of work where expertise powers AI advancement. Achieving this requires an ambitious, fast-paced and deeply committed team. You’ll work alongside researchers, operators, and AI companies at the forefront of shaping the systems that are redefining society. Mercor is a profitable Series C company valued at $10 billion. We work in-person five days a week in our San Francisco, NYC, or London offices.
About the Role
We’re looking for someone who wants to bring a full-stack perspective to data. As a Software Engineer supporting our Data function, you will be responsible for creating and maintaining pipelines that enable our Data Science, Engineering, and Product teams, and the wider Mercor organization.
Your focus will be on data reliability, availability, and timeliness, with a focus on collaboration (and significant operational crossover with) our Data Science team and the many partner functions.
What You’ll Work On
Building robust pipelines to ingest, transform, and consolidate data from diverse sources (e.g., MongoDB, Airtable, PostHog, production databases).
Designing dbt models and transformations to standardize and unify many disparate tables into clean, production-ready schemas.
Implementing scalable, fault-tolerant data workflows with Fivetran, dbt, SQL, and Python.
Partnering with engineers, data scientists, and business stakeholders to ensure data availability, accuracy, and usability.
Owning data quality and reliability across the stack, from ingestion through to consumption.
Continuously improving pipeline performance, monitoring, and scalability.
What We’re Looking For
Proven experience in data engineering, with strong knowledge of SQL, Python, and modern data stack tools (Fivetran, dbt, Snowflake or similar).
Experience building and maintaining large-scale ETL/ELT pipelines across heterogeneous sources (databases, analytics platforms, SaaS tools).
Strong understanding of data modeling, schema design, and transformation best practices.
Familiarity with data governance, monitoring, and quality assurance.
Comfort working cross-functionally with engineering, product, and operations teams.
Bonus: prior experience supporting machine learning workflows or analytics platforms.
Why Mercor
Impact: Your work powers how the world’s leading AI labs train and test their models.
Learning: Get early insights into frontier model capabilities months before the market.
Growth: Work on both infrastructure and research-adjacent projects with fast paths to ownership.
Benef",ashby
2026-06-02,Mercury,Senior Analyst - Compensation & People Analytics,"San Francisco, CA, New York, NY, Portland, OR, or Remote within United States",,https://job-boards.greenhouse.io/mercury/jobs/5847980004,https://boards.greenhouse.io/mercury,"<p>At Mercury, we care deeply about our people. A thoughtful compensation program is a key part of attracting and taking care of our team for the long term. We’re looking for someone to help evolve and scale our compensation programs while also contributing to broader people analytics efforts.</p>
<p>In this role, you’ll support the development and execution of Mercury’s compensation philosophy, helping ensure it remains competitive, equitable, and scalable. You will partner with senior leaders to ensure Mercury’s compensation practices support business objectives. By maintaining industry knowledge, conducting competitive analyses, and recommending updates to remain in line with market trends, you push senior leaders to think strategically about compensation decisions. Alongside this, you’ll leverage data to generate insights on our workforce, helping inform decisions across compensation and the broader People team.</p>
<p>While reporting to the Total Rewards Manager, you will also work closely with our Strategic Finance, People Partners, Recruiting &amp; Executive teams to support compensation decisions and provide data-driven recommendations.&nbsp;</p>
<p><strong>Here are some things you’ll do on the job:</strong></p>
<ul>
<li>Partner closely with our recruiting, people partner &amp; finance teams acting as a trusted advisor.&nbsp;</li>
<li>Advise senior leaders on compensation decisioning balancing business needs with alignment to our compensation philosophy &amp; pay equity principles.&nbsp;</li>
<li>Support &amp; evolve our compensation programs, such as our annual merit cycle, market analyses, and off-cycle review ensuring they are efficient, thoughtful and effective.&nbsp;</li>
<li>Influence leadership to think critically about pay and equity&nbsp;</li>
<li>Lead efforts to educate Mercury employees (both managers and ICs) on our compensation philosophy, ensuring appropriate transparency</li>
<li>Lead and develop a people analytics strategy, enabling us to proactively identify &amp; communicate key trends to Executive stakeholders.&nbsp;</li>
<li>Leverage people analytics data to inform compensation decisions &amp; proactive market inquiries.&nbsp;</li>
</ul>
<p><strong>Ideally, you’ll have some of the following qualities—but if you don’t fit this mold and feel like you could do a great job, we’d love to hear from you anyway:</strong></p>
<ul>
<li>Have experience running and building compensation programs at a high growth, quickly scaling company&nbsp;</li>
<li>Be willing to influence and advocate for philosophies you believe in</li>
<li>Obsessive over accuracy and pay strong attention to detail&nbsp;&nbsp;</li>
<li>Love building processes that can scale in a thoughtful and organized way&nbsp;</li>
<li>Love playing in data and have rigorous data analytics skills&nbsp;</li>
<li>Have a high level of integrity and the ability to handle confidential information discreetly</li>
<li>Have a passion for working efficiently with great tools, suggest",greenhouse
2026-06-02,Monzo,"Lead Analytics Engineer, Borrowing","Cardiff, London or Remote (UK)",,https://job-boards.greenhouse.io/monzo/jobs/7873998,https://boards.greenhouse.io/monzo,"<div class=""content-intro""><p><strong><em>🚀 We’re on a mission to make money work for everyone.</em></strong></p>
<p>We’re waving goodbye to the complicated and confusing ways of traditional banking.</p>
<p>After starting as a prepaid card, our product offering has grown a lot in the last 10 years in the UK. As well as&nbsp;<a href=""https://monzo.com/current-account/personal"">personal</a> and <a href=""https://monzo.com/business-banking"">business</a> bank accounts, we offer <a href=""https://monzo.com/current-account/joint-account"">joint accounts</a>, <a href=""https://monzo.com/current-account/16-17"">accounts for 16-17 year olds</a>, a <a href=""https://monzo.com/current-account/under-16s"">free kids account</a> and <a href=""https://monzo.com/flex"">credit cards</a> in the UK, with more exciting things to come beyond. Our UK customers can also <a href=""https://monzo.com/savings"">save</a>, <a href=""https://monzo.com/investments"">invest </a>and&nbsp;<a href=""https://monzo.com/pensions"">combine their pensions</a> with us.&nbsp;</p>
<p>With our hot coral cards and get-paid-early feature, combined with financial education on social media and our award winning customer service, we have a long history of creating magical moments for our customers!</p>
<p>We’re not about selling products - we want to solve problems and change lives through Monzo ❤️</p>
<hr>
<p>&nbsp;</p></div><p>📍London, Cardiff or Remote in the UK | 💰 £97,800 -125,000 + <a href=""https://monzo.com/careers/"">Benefits</a> |<a href=""https://www.youtube.com/watch?v=U62l09nB0M4""> Hear from the team</a> ✨&nbsp;</p>
<p><strong>⭐Our Borrowing Analytics Engineering Team:</strong></p>
<p>Our Mission in Borrowing is to enable people's financial goals through better borrowing. Our customers look to borrow money to enable them to achieve something in their lives - whether that’s making a big life event affordable, buying something they need now without affecting their monthly budget, or getting by until payday. And we’re looking to shape this mission by building products that our customers love, whilst scaling those top revenue lines across the business safely.&nbsp;</p>
<p>We're looking for a Lead Analytics Engineer within our borrowing team to help build world class service for the bank of the future. You will play a critical role in overseeing our foundational data platforms, identifying and driving opportunities to enhance our current capabilities. Your expertise will be pivotal in allowing us to scale into new global markets, build new products and shape the future of how we serve our customers.&nbsp;</p>
<p>We have a strong culture of data-driven decision making across the whole company. And we're great believers in powerful, real-time analytics and empowerment of the wider business.&nbsp;</p>
<p>🔑You’ll play a key role by...</p>
<ul>
<li>Serving as a data architect for Monzo’s Borrowing data, contributing to the design and scalability of data models that measure the performance of our product suite",greenhouse
2026-06-02,Monzo,Senior Analytics Engineering Manager,Barcelona,,https://job-boards.greenhouse.io/monzo/jobs/7775035,https://boards.greenhouse.io/monzo,"<div class=""content-intro""><p><strong><em>🚀 We’re on a mission to make money work for everyone.</em></strong></p>
<p>We’re waving goodbye to the complicated and confusing ways of traditional banking.</p>
<p>After starting as a prepaid card, our product offering has grown a lot in the last 10 years in the UK. As well as&nbsp;<a href=""https://monzo.com/current-account/personal"">personal</a> and <a href=""https://monzo.com/business-banking"">business</a> bank accounts, we offer <a href=""https://monzo.com/current-account/joint-account"">joint accounts</a>, <a href=""https://monzo.com/current-account/16-17"">accounts for 16-17 year olds</a>, a <a href=""https://monzo.com/current-account/under-16s"">free kids account</a> and <a href=""https://monzo.com/flex"">credit cards</a> in the UK, with more exciting things to come beyond. Our UK customers can also <a href=""https://monzo.com/savings"">save</a>, <a href=""https://monzo.com/investments"">invest </a>and&nbsp;<a href=""https://monzo.com/pensions"">combine their pensions</a> with us.&nbsp;</p>
<p>With our hot coral cards and get-paid-early feature, combined with financial education on social media and our award winning customer service, we have a long history of creating magical moments for our customers!</p>
<p>We’re not about selling products - we want to solve problems and change lives through Monzo ❤️</p>
<hr>
<p>&nbsp;</p></div><p>📍 Barcelona, Spain | 💰€93,500 - €126,500 + <a href=""https://monzo.com/careers/"">Benefits</a> | <a href=""https://www.youtube.com/watch?v=U62l09nB0M4"">Hear from the team</a> ✨</p>
<p>⭐<strong>Our Borrowing team</strong></p>
<p>&nbsp;</p>
<p>Our Mission in Borrowing is to enable people's financial goals through better borrowing. Our customers look to borrow money to enable them to achieve something in their lives - whether that’s making a big life event affordable, buying something they need now without affecting their monthly budget, or getting by until payday. And we’re looking to shape this mission by building products that our customers love, whilst scaling those top revenue lines across the business safely.&nbsp;</p>
<p>Data is crucial to the success of this mission and Borrowing Analytics Engineers are at the core of how we build, scale and re-architect our Borrowing Data Warehouse to enable Monzo to make better decisions, faster, and help serve Monzo’s customers better.&nbsp;</p>
<p>&nbsp;</p>
<p><strong>⭐ Our Analytics Engineering team</strong></p>
<p>Our Analytics Engineering discipline works in the intersection between data, engineering and our collectives - Money, Borrowing, Operations and Financial Crime and beyond.&nbsp;</p>
<p>The AE teams are responsible for building downstream data models from backend services with the desire to make our Data Warehouse a genuine competitive advantage for Monzo. We want a discipline capable of building a reliable and scalable Data Warehouse to support decision making in a cost effective and performant manner.&nbsp;</p>
<p>Managers within D",greenhouse
2026-06-02,Notion,"Data Engineer, Go-To-Market","San Francisco, California",,https://jobs.ashbyhq.com/notion/655b047b-5e58-4b0c-82f0-8c16b2c03318,https://jobs.ashbyhq.com/notion,"Who We Are
Notion is the collaborative AI workspace where teams and agents
think together
. We're building one place where your knowledge, projects, meetings, and AI tools live side by side, so work feels faster, clearer, and less fragmented. Millions of individuals, small teams, and large companies run their work on Notion.
Notinos (our employees) are customer zero in bringing this future of work to life. We care about craft, humanity, and building things that last — not just shipping the next feature, but setting a standard for how modern teams (with humans and agents working together) think and execute.
About The Role
As Notion continues to grow rapidly, we're seeking talented data engineers to join our team and help us build the foundational datasets and pipelines to support our go-to-market strategies. You'll be at the forefront of integrating our product and business systems to create rock solid processes that will propel us forward. If you're passionate about analytics use cases, data models, and solving complex data problems, then we want you on our team.
What You'll Achieve
You'll build core datasets to serve as the sources of truth for Notion’s marketing and sales reporting, integrating data to and from business systems data and Notion’s product.
You’ll partner closely with our Marketing, Sales, Revenue Operations, Business Technology, Business Intelligence and Data Science teams to support critical reporting and analysis needs.
You'll design, build and monitor pipelines that meet today's requirements but can gracefully scale with our growing data size.
You’ll help democratize access to high quality data across go-to-market teams, Staff, and the entire company.
Skills You'll Need to Bring
You've spent 3+ years as a data engineer building core datasets and supporting business verticals as needed, ideally in product and business areas with high data volumes. You are passionate about analytics use cases, data models and solving complex data problems.
You have experience working with both Marketing and Sales datasets at a SaaS company, and have built integrations with business systems like Salesforce, Netsuite, Marketo, Zendesk, etc.
You are a self-starter and continuously gather and synthesize high-impact needs from business partners, design and implementing the appropriate technical solutions, and effectively communicating about deliverables, timelines and tradeoffs
You have hands-on experience shipping scalable data solutions in the cloud (e.g AWS, GCP, Azure), across multiple data stores (e.g Snowflake, Redshift, Hive, SQL/NoSQL, columnar storage formats) and methodologies (e.g dimensional modeling, data marts, star/snowflake schemas)
You are a SQL expert. You intimately understand aggregation functions, window functions, UDFs, self-joins, partitioning and clustering approaches to run correct and highly-performant queries
You are comfortable with object-oriented programming paradigms (e.g Python, Java, Scala)
You don’t need to be an AI ",ashby
2026-06-02,Notion,"Data Engineer, People Analytics ","San Francisco, California",,https://jobs.ashbyhq.com/notion/a1216dba-e175-4a3d-b712-401c9fbdcd92,https://jobs.ashbyhq.com/notion,"Who We Are
Notion is the collaborative AI workspace where teams and agents
think together
. We're building one place where your knowledge, projects, meetings, and AI tools live side by side, so work feels faster, clearer, and less fragmented. Millions of individuals, small teams, and large companies run their work on Notion.
Notinos (our employees) are customer zero in bringing this future of work to life. We care about craft, humanity, and building things that last — not just shipping the next feature, but setting a standard for how modern teams (with humans and agents working together) think and execute.
About The Role
As Notion scales, there is a unique opportunity to build the data foundations for People Analytics that enable better decisions around hiring, performance, compensation, and org design - while maintaining strong privacy guarantees for sensitive employee data.
In this role, you will design, build, and operate scalable data systems and pipelines that power People data. Your work will ensure that employee data is reliable, secure, and production-ready, enabling both analytics and AI-driven people workflows across the company
What You'll Achieve
Partner closely with the Chief People Officer and People leadership team to translate strategic questions into clear metrics and data products that inform workforce planning, organization design, performance reviews, compensation discussions, and executive reporting
Define and build ETL/ELT pipelines and infrastructure to ingest and standardize data from HRIS and adjacent systems such as Workday, ATS, payroll, benefits, performance platforms, creating a reliable source of truth for headcount, org structure, hiring, attrition, and talent health
Design privacy-first data architecture, including access controls, PII handling, and governance standards
Implement data quality, testing, and observability systems to ensure sensitive employee data is accurate and trustworthy
Design privacy-aware data models, transformations, semantic layers, and quality checks so sensitive employee data is accurate, timely, well-documented, and governed appropriately with role-based access controls for decision-making and makes AI-powered people tools and automations reliable enough to ship to production
Partner with People Analytics to translate ambiguous requirements into scalable datasets, dashboards, and self-serve data products that give People leaders, People Partners, and managers visibility into workforce trends while reducing manual overhead.
Skills You'll Need to Bring
6+ years of experience in analytics engineering, data engineering, people analytics, or a closely related role, with a track record of building trusted datasets and systems for business decision-making
Hands-on experience working with HRIS and adjacent People systems data (for example Workday, ATS (Ashby), payroll, benefits, performance, or engagement platforms) and know how to reconcile definitions across messy, evolving source systems
Profic",ashby
2026-06-02,Owner,Reporting & Analytics,,,https://owner.com/reporting-analytics,https://owner.com/careers,"Restaurant Reporting and Analytics | Owner.com
Always know how your
restaurant is performing.
Owner gives you a clear view of your sales, SEO, Google reviews, and where your orders are coming from, on your phone or in your dashboard.
Get a free demo
View pricing
See how easy it is for Sarkis to stay on top of his online sales
Sarkis Panossian
—
Township Line Pizza
00:00
/
00:00
Your restaurant's numbers,
all in one place
.
See how your restaurant is doing at a glance
Sales, SEO rankings, Google reviews, and order sources, all in one dashboard you can check from your phone.
Know where your next sale is coming from
Owner surfaces where you have room to grow and flags what to focus on, so you are never guessing about your business.
Keep an eye on everything from your phone
The Owner App gives you a quick snapshot on how things are going, so you can stay on top of your business no matter where you are.
What you can see with
Owner reporting & analytics
Full picture
Sales, order sources, top sellers, SEO, and more.
Growth signals
Owner flags where you have room to grow and what to act on.
On your phone
Stay on top of things from anywhere with the Owner mobile app.
FAQ
What data can I see in Owner reporting?
You can see your total sales, where your orders are coming from, your SEO performance, how many Google reviews you have driven, and how your marketing campaigns are performing. Everything is broken down so you can see what is growing and what needs attention.
Can I see my reporting on my phone?
Yes. The Owner mobile app access to your most critical numbers from your phone. You can check your sales, reviews, and performance from anywhere.
Does Owner tell me what I should do to improve?
Yes. Owner surfaces opportunities based on your data, for example if your SEO has room to improve or if a marketing campaign is underperforming. You can also reach our support team directly from the Owner app if you want to talk through your numbers.
Trusted by
owners
""Owner is a must-have for succeeding online as an independent restaurant today.""
John
& Sam
—
Owners at Metro Pizza
Learn more
+54%
Sales growth
11,000
Mobile app installs
Play the Video
00:00
/
00:00
“ I would recommend Owner.com. Don’t take my word for it, read the reviews, see their videos, and just give them a call.”
Sandy
Sei
—
Owner of Cyclo Noodles
Learn more
+$104,500
Online sales
$31,000
Savings in third-party fees
Play the Video
00:00
/
00:00
“We’ve more than doubled our direct online sales since starting.""
Timirie
Shibley
—
Owner of Doo-Dah Diner
Learn more
+$72,000
Online sales
$19,000
Savings in third-party fees
Play the Video
00:00
/
00:00
""Owner is like an army of experts. The online website and all that, it just runs on autopilot.""
Alex
Lambroulis
—
Owner of Karv Greek Kouzina
Learn more
+$40,000
Monthly online sales
+300%
Growth in online orders
Play the Video
00:00
/
00:00
“The platform has been like a superpower for restaurants that increases sales and drives new customers consistently.",html_fallback
2026-06-02,Parafin,"Senior Software Engineer, Data Platform","San Francisco, CA",,https://jobs.ashbyhq.com/parafin/1c9b812f-4803-49e6-9439-023f7df13280,https://jobs.ashbyhq.com/parafin,"About Us:
At Parafin, we’re on a mission to grow small businesses.
Small businesses are the backbone of our economy, but traditional banks often don’t have their backs. We build tech that makes it simple for small businesses to access the financial tools they need through the platforms they already sell on.
We partner with companies like DoorDash, Amazon, Worldpay, and Mindbody to offer fast and flexible funding, spend management, and savings tools  to their small business users via a simple integration. Parafin takes on all the complexity of capital markets, underwriting, servicing, compliance, and customer service for our partners.
We’re a tight-knit team of innovators hailing from Stripe, Square, Plaid, Coinbase, Robinhood, CERN, and more — all united by a passion for building tools that help small businesses succeed. Parafin is backed by prominent venture capitalists including GIC, Notable Capital, Redpoint Ventures, Ribbit Capital, and Thrive Capital. Parafin is a Series C company, and we have raised more than $194M in equity and $340M in debt facilities.
Join us in creating a future where every small business has the financial tools they need.
About the Position:
We’re looking for a seasoned software engineer to join Parafin’s Infrastructure team and lead the development of our next-generation Data Platform. This role is critical to ensuring that our data infrastructure is reliable, scalable, and developer-friendly as we continue to power financial services for small businesses.
As a Senior Software Engineer, you’ll be responsible for designing, building, and maintaining the systems that ingest, transform, and serve data across the company. You’ll partner closely with Data Science, Platform Engineering, and Product Engineering teams to support data-driven product development and decision-making.
What You’ll Do:
Design and build robust, highly scalable data pipelines and lakehouse infrastructure with PySpark, Databricks, and Airflow on AWS.
Improve the data platform development experience for Engineering, Data Science, and Product by creating intuitive abstractions, self‑service tooling, and clear documentation.
Own and maintain core data pipelines and models that power internal dashboards, ML models, and customer-facing products.
Own the Data & ML platform infrastructure using Terraform, including end‑to‑end administration of Databricks workspaces: manage user access, monitor performance, optimize configurations (e.g., clusters, lakehouse settings), and ensure high availability of data pipelines.
Lead projects to improve data quality, testing, observability, and cost efficiency across existing pipelines and backend systems (e.g., migrating Databricks SQL pipelines to dbt, scaling data ingestion, improving data-lineage tracking, and enhancing monitoring).
Act as the primary engineering partner for the Data Science team—embedded closely to gather requirements, design scalable solutions, and provide end-to-end support on all engineering aspect",ashby
2026-06-02,PwC,Analytics Foundation,,,https://www.pwc.com/us/en/products/customer-engagement/analytics-foundation.html,https://pwc.com/careers,"Analytics Foundation: A Data Analytics Solution: PwC
Menu
Featured insights
Featured insights
Menu
Featured insights
2026 Global Digital Trust Insights Survey
Menu
Featured insights
Board governance issues
Menu
Featured insights
C-suite insights
Menu
Featured insights
Case studies
Menu
Featured insights
Policy on Demand
Menu
Featured insights
Podcasts
Menu
Featured insights
PwC Executive Pulse
Menu
Featured insights
Tech Effect
Menu
Featured insights
Viewpoint
Menu
Featured insights
Webcasts
Menu
Featured insights
All Research and insights
Featured
America in motion
PwC Leadership Center - Real insight. Real peers. Real support.
Menu
Capabilities
Capabilities
Menu
Capabilities
Alliances and ecosystems
Menu
Capabilities
Artificial Intelligence (AI)
Menu
Capabilities
Audit and assurance
Menu
Capabilities
Board governance issues
Menu
Capabilities
Business and supply chain operations
Menu
Capabilities
Consulting
Menu
Capabilities
Customer and commercial excellence
Menu
Capabilities
Cyber, data and tech risk​
Menu
Capabilities
Deals
Menu
Capabilities
Digital assets and crypto
Menu
Capabilities
Digital assurance and transparency
Menu
Capabilities
Engineering and AI
Menu
Capabilities
Finance transformation
Menu
Capabilities
Financial markets and real estate
Menu
Capabilities
Financial statement audit
Menu
Capabilities
Managed services
Menu
Capabilities
Metaverse
Menu
Capabilities
Organizational and HR effectiveness
Menu
Capabilities
PwC private
Menu
Capabilities
Risk and regulatory
Menu
Capabilities
Risk modeling services
Menu
Capabilities
Strategy
Menu
Capabilities
Sustainability and ESG
Menu
Capabilities
Tax services
Menu
Capabilities
All capabilities
Menu
Industries
Industries
Menu
Industries
Aerospace and defense
Menu
Industries
Asset and wealth management
Menu
Industries
Automotive
Menu
Industries
Banking and capital markets
Menu
Industries
Chemicals
Menu
Industries
Consumer markets
Menu
Industries
Consumer packaged goods
Menu
Industries
Digital infrastructure and hardware
Menu
Industries
Emerging growth companies
Menu
Industries
Energy
Menu
Industries
Energy and industrials
Menu
Industries
Engineering and construction
Menu
Industries
Financial services
Menu
Industries
Health industries
Menu
Industries
Health services
Menu
Industries
Hospitality and leisure
Menu
Industries
Industrial manufacturing
Menu
Industries
Insurance
Menu
Industries
Media, entertainment, gaming, and sports
Menu
Industries
Medical technology
Menu
Industries
Pharmaceutical and life sciences
Menu
Industries
Power and utilities
Menu
Industries
Private equity
Menu
Industries
Professional business services
Menu
Industries
Real estate
Menu
Industries
Restaurants, wholesale and agriculture
Menu
Industries
Retail
Menu
Industries
Software and digital platforms
Menu
Industries
Space
Menu
Industries
Technology, media and telecommunications
Menu
Industries
Telecommunications
Menu
Industries
Travel, transportation and logistics
Menu
Technology
Technology
Menu
Technology
Alliances and ecosy",html_fallback
2026-06-02,PwC,Enhanced insurance analytics for Salesforce,,,https://www.pwc.com/us/en/technology/alliances/salesforce/insurance-lead-management.html,https://pwc.com/careers,"Salesforce Insurance Analytics: PwC
Menu
Featured insights
Featured insights
Menu
Featured insights
2026 Global Digital Trust Insights Survey
Menu
Featured insights
Board governance issues
Menu
Featured insights
C-suite insights
Menu
Featured insights
Case studies
Menu
Featured insights
Policy on Demand
Menu
Featured insights
Podcasts
Menu
Featured insights
PwC Executive Pulse
Menu
Featured insights
Tech Effect
Menu
Featured insights
Viewpoint
Menu
Featured insights
Webcasts
Menu
Featured insights
All Research and insights
Featured
America in motion
PwC Leadership Center - Real insight. Real peers. Real support.
Menu
Capabilities
Capabilities
Menu
Capabilities
Alliances and ecosystems
Menu
Capabilities
Artificial Intelligence (AI)
Menu
Capabilities
Audit and assurance
Menu
Capabilities
Board governance issues
Menu
Capabilities
Business and supply chain operations
Menu
Capabilities
Consulting
Menu
Capabilities
Customer and commercial excellence
Menu
Capabilities
Cyber, data and tech risk​
Menu
Capabilities
Deals
Menu
Capabilities
Digital assets and crypto
Menu
Capabilities
Digital assurance and transparency
Menu
Capabilities
Engineering and AI
Menu
Capabilities
Finance transformation
Menu
Capabilities
Financial markets and real estate
Menu
Capabilities
Financial statement audit
Menu
Capabilities
Managed services
Menu
Capabilities
Metaverse
Menu
Capabilities
Organizational and HR effectiveness
Menu
Capabilities
PwC private
Menu
Capabilities
Risk and regulatory
Menu
Capabilities
Risk modeling services
Menu
Capabilities
Strategy
Menu
Capabilities
Sustainability and ESG
Menu
Capabilities
Tax services
Menu
Capabilities
All capabilities
Menu
Industries
Industries
Menu
Industries
Aerospace and defense
Menu
Industries
Asset and wealth management
Menu
Industries
Automotive
Menu
Industries
Banking and capital markets
Menu
Industries
Chemicals
Menu
Industries
Consumer markets
Menu
Industries
Consumer packaged goods
Menu
Industries
Digital infrastructure and hardware
Menu
Industries
Emerging growth companies
Menu
Industries
Energy
Menu
Industries
Energy and industrials
Menu
Industries
Engineering and construction
Menu
Industries
Financial services
Menu
Industries
Health industries
Menu
Industries
Health services
Menu
Industries
Hospitality and leisure
Menu
Industries
Industrial manufacturing
Menu
Industries
Insurance
Menu
Industries
Media, entertainment, gaming, and sports
Menu
Industries
Medical technology
Menu
Industries
Pharmaceutical and life sciences
Menu
Industries
Power and utilities
Menu
Industries
Private equity
Menu
Industries
Professional business services
Menu
Industries
Real estate
Menu
Industries
Restaurants, wholesale and agriculture
Menu
Industries
Retail
Menu
Industries
Software and digital platforms
Menu
Industries
Space
Menu
Industries
Technology, media and telecommunications
Menu
Industries
Telecommunications
Menu
Industries
Travel, transportation and logistics
Menu
Technology
Technology
Menu
Technology
Alliances and ecosystems
Menu
Techno",html_fallback
2026-06-02,Ramp,"Software Engineer, Data Platform ","New York, NY (HQ)",,https://jobs.ashbyhq.com/ramp/bca0346c-b843-4795-96df-6091f51e421b,https://jobs.ashbyhq.com/ramp,"About Ramp
Ramp is building the smart infrastructure for finance teams, embedded in the transaction flow of every dollar a business spends. We automate how over $100B in annualized spend flows in and out of 50,000+ companies: authorizing payments, flagging risk, categorizing spend, and closing books.
The problems are high-stakes, data-dense, and unforgiving.
We hire people with high agency and high urgency. We look for slope over intercept. We care less about where you trained and more about what you’ve built. At Ramp, everyone is a builder who owns problems end to end and makes consequential decisions that shape the outcome.
The median Ramp customer saves 5% and grows revenue 16% in their first year – far in excess of businesses operating without Ramp. We believe every ambitious company deserves the same.
If you want to build systems that directly shape how companies move and manage billions, Ramp is the place to do it.
About the Role
The Data Platform builds infrastructure and tools that enable Ramp to realize business value from data. We partner closely with stakeholder teams to build this infrastructure and the applications on top of it. This role is particularly focused on building platforms that support the data science development lifecycle. You’ll partner with applied scientists, AI engineers, Risk engineers, and other ML developers on building infrastructure and tools that enable and accelerate the development of machine learning models.
What You’ll Do
Build and integrate the components of Ramp's Analytics Platform and Machine Learning Platform.
Build tools that improve the agility and data experience of Ramp's Applied Scientists, AI Engineers, and Risk Engineers.
Collaborate with stakeholder teams on building and productionizing machine learning applications.
Build reliable, scalable, maintainable, and cost-efficient systems across the stack.
What You Need
Experience with workflow orchestrators like Airflow, Dagster, or Prefect.
Experience building infrastructure on AWS, GCP, or Azure.
Knowledge of SQL and experience with Snowflake, Redshift, BigQuery, or similar databases.
Intuition around analytics and machine learning, and empathy for data science workflows.
Strong Python programming skills.
Nice to Haves
Expertise with AWS
Previous experience building online machine learning systems.
Previous experience building a feature store.
Experience with Terraform and Datadog
Experience building streaming systems.
Benefits available to all full-time Ramp employees (Global)
• Flexible PTO
• Unlimited AI token usage
• Centralized home-office equipment ordering
• Health and wellness stipend
• Budget for intra-office travel
• Weekly coffee stipend
United States
• 100% medical, dental & vision insurance coverage for you, with partial coverage for dependents
• One Medical annual membership
• 401(k), including employer match on contributions made while employed by Ramp
• Fertility HRA (up to $10,000 per year)
• Parental leave: up to 16 weeks (birthi",ashby
2026-06-02,Rippling,Analytics,,,https://rippling.com/platform/analytics,https://rippling.com/careers,"Workforce Analytics That Accelerate Business Impact | Rippling
Analytics
Workforce analytics that accelerate business impact
With Rippling, your data is accessible, organized, and secure. Make informed decisions with intuitive tools that transform trusted data into business insight.
Work email address
*
See Rippling
See Rippling
We value your privacy.
Learn more
.
Centralized data
The source of truth for all your business data
With Rippling, it's easy to access, connect, and visualize your data. Any user can point and click their way to reports with actionable insights that fuel better business decisions.
Access well-organized data
In Rippling, your data is centralized and easy to find so you always have real-time access to the data you need.
Connect any data
Rippling’s data architecture connects any data from across HR, IT, and Finance without manual exports or messy spreadsheet joins.
Visualize your data
Level up your insights with dynamic visuals. No separate business intelligence licenses required.
Access well-organized data
In Rippling, your data is centralized and easy to find so you always have real-time access to the data you need.
Connect any data
Rippling’s data architecture connects any data from across HR, IT, and Finance without manual exports or messy spreadsheet joins.
Visualize your data
Level up your insights with dynamic visuals. No separate business intelligence licenses required.
Permissions
Empower leaders without sacrificing security
With Rippling, you can easily set up role-based permissions to ensure that every employee is automatically assigned the appropriate level of access.
Set role-based permissions
An employee’s access is tied to their role so if their role changes, their access will too. This ensures they have what they need while keeping data secure.
Specify access to reports
Rippling allows for flexible access so users can share reports with role-based permissions or choose to give viewers unrestricted access.
Reporting
Get more from your data with intuitive tools
Rippling's point-and-click interface empowers you to create insightful reports from data across your entire organization.
Dynamic visuals
Choose from an array of visual display options like bubble charts, line graphs, scatter plots, and more.
Pivot tables
Summarize and analyze large amounts of data into an interactive table to better conduct analysis.
Formula fields
Automatically calculate a value based on other fields, records or formulas to get more out of your data.
Salary
Department
Location
Compliance certifications
Employment status
Background check
Department
Salary
Department
Location
Compliance certifications
Employment status
Background check
Department
Home address
Job codes
Manager
Device Order
Expenses
Health insurance
Dental insurance
Home address
Job codes
Manager
Device Order
Expenses
Health insurance
Dental insurance
Level
HR Business Partner
Direct reports
Name
Social Security Number
Equity grant
Level
Direct reports
Level
HR Business P",html_fallback
2026-06-02,Rula,Sr. Analytics Engineering Manager (Remote),Remote - United States,,https://jobs.ashbyhq.com/rula/cb4b3571-ea8e-4c2b-be76-cd0590bcf917,https://jobs.ashbyhq.com/rula,"We believe that mental health is just as important as physical health. We recognize that mental health issues can be complex and multifaceted, and we are dedicated to treating the whole person, not just the symptoms.
We aim to create a world where mental health is no longer stigmatized or marginalized, but rather is embraced as an integral part of one's overall well-being.
We believe that by providing quality care that is both evidence-based and compassionate, we can empower individuals to take charge of their mental health and achieve their full potential. We are passionate about making a positive impact on the lives of those struggling with mental health issues and we strive to be a force for positive change in the field of mental healthcare.
Rula is a remote-first company. We currently hire in most U.S. states, with the exception of Hawaii.
About the Role
As the Sr. Engineering Manager for Analytics Engineering, you will lead the evolution of Rula’s data landscape, transforming raw information into the strategic engine that powers our mission of accessible mental healthcare. Managing a high-performing team of senior engineers, you will act as a ""Builder-Leader,"" architecting production-grade ELT pipelines and a robust semantic layer that enables self-serve insights for our Product, Finance, and Clinical teams.
This isn't just about managing data; it's about building the trust and infrastructure necessary to scale a high-growth marketplace. You will partner deeply with cross-functional stakeholders to bridge the gap between complex engineering and actionable business logic, ensuring that every decision at Rula is backed by reliable, high-integrity data.
Required Qualifications
8+ years of professional software engineering experience, with at least 3+ years specifically managing analytics or data engineers.
Advanced hands-on experience with SQL, dbt, and modern cloud data warehouses such as Snowflake, BigQuery, or Redshift.
Proven experience building and operating production-grade ELT pipelines and dimensional data models with rigorous testing and observability.
Demonstrated ownership of semantic layers or self-serve data models used by cross-functional teams like Product, Operations, or Finance.
Preferred Qualifications
While having the preferred qualifications enhances your candidacy, having all of them is not mandatory. We encourage all interested applicants to apply, even those who may not meet every preferred requirement.
Experience working in a regulated or sensitive data environment, including data governance and HIPAA compliance.
Background in a high-growth startup or scaling company, with experience building teams and processes from early stages.
Strong product and business instincts with the ability to connect data investments to company outcomes.
Exceptional cross-functional communication and influence, especially with executive and non-technical stakeholders.
A builder mindset comfortable with ambiguity and balancing architecture wit",ashby
2026-06-02,Rula,Sr. Operations Analytics Manager (Remote),Remote - United States,,https://jobs.ashbyhq.com/rula/1fa45e2c-f1b3-49af-a0ee-17c560cfed77,https://jobs.ashbyhq.com/rula,"We believe that mental health is just as important as physical health. We recognize that mental health issues can be complex and multifaceted, and we are dedicated to treating the whole person, not just the symptoms.
We aim to create a world where mental health is no longer stigmatized or marginalized, but rather is embraced as an integral part of one's overall well-being.
We believe that by providing quality care that is both evidence-based and compassionate, we can empower individuals to take charge of their mental health and achieve their full potential. We are passionate about making a positive impact on the lives of those struggling with mental health issues and we strive to be a force for positive change in the field of mental healthcare.
Rula is a remote-first company. We currently hire in most U.S. states, with the exception of Hawaii.
About the Role
This role will be the analytical engine behind how Rula understands, monitors, and improves its billing and account experience, financial performance and customer service. As an individual contributor, you will work closely with partners across Finance, Billing, Product, Data, Customer Service, and Operations, bringing well-rounded business acumen to investigate complex account questions, uncover root causes, and turn messy data into clear, actionable insights.
Day to day, you’ll dig into billing workflows, identify where things break down, and help teams make informed conclusions that improve accuracy, reduce friction, and support sustainable growth. This role sits within the Analytics organization and plays a critical part in helping Rula deliver a reliable, trustworthy financial experience for members, providers, and partners.
Required Qualifications
7+ years of related professional experience in analytics or data science-focused role, with 2+ years of experience focusing on financial analytics and/or firm-level operations analysis
Demonstrated ability to work with non-technical cross-functional stakeholders
Deep understanding of financial metrics (e.g., CAC, billing, key accounts, retention, churn, LTV, etc.) and operational metrics (e.g. resolution time, product uptime) and experience translating data into actionable insights
Expert-level proficiency in Python and/or SQL, as well as familiarity with data visualization tools (Looker, Tableau, Hex, etc.)
Preferred Qualifications
While having the preferred qualifications enhances your candidacy, having all of them is not mandatory. We encourage all interested applicants to apply, even those who may not meet every preferred requirement.
Experience within a fast-paced, high-growth startup environment with the ability to handle dynamic and shifting analytical priorities
Expertise proposing and executing operational efficiency experimentation
Prior experience in healthcare, marketplace or financial services operations
Ability to connect analytics insights to business strategy, influencing financial and operational decisions that drive profitabl",ashby
2026-06-02,Shepherd Insurance,Actuarial Data Analyst,New York City,,https://jobs.ashbyhq.com/shepherd/6100294f-ac13-4a9a-bf5c-8b49a8925820,https://jobs.ashbyhq.com/shepherd,"What We Do
Shepherd is an AI-native commercial insurance platform transforming how high-hazard industries get covered. Our mission is to make risk frictionless for the builders and operators shaping the physical world — protecting progress from concept through construction and into decades of operation.
The infrastructure behind the AI boom — data centers, semiconductor fabs, renewable energy assets — has to be built and insured. But traditional carriers weren't built for this speed:
Complex commercial construction projects routinely wait weeks for a single quote
Legacy carriers rely on static applications and disconnected systems
Brokers chase carriers through calls, emails, and resubmissions
We built Shepherd to solve that. Our AI performs the same underwriting workflows in seconds, and integrates real-time data from construction technology partners — Procore, Autodesk, OpenSpace, DroneDeploy, and others — to see risk as it actually exists, not just as it was reported on a static form.
We're pursuing the most ambitious technical vision in commercial insurance: fully autonomous underwriting. We're closing in on the first fully agentic submission in the industry — email in, price out, no human intervention until the last mile.
With Shepherd, safety, speed, and quality no longer trade off against one another — they compound. We're building:
Faster decisions
Smarter, more accurate pricing
Better risk outcomes for insureds who invest in safer practices
We're not just modernizing insurance products. We're building the risk infrastructure for the next generation of financial services.
Our Investors
In March 2026,
Shepherd raised a $42M Series B
— bringing total funding to over $60M — led by Intact Private Capital, the investment arm of one of the largest insurers in the world. Intact is not only our lead investor but also a carrier partner, a testament to the confidence the incumbent industry has in what we're building. Our investors:
Intact Private Capital
Spark Capital
Costanoa Ventures
Y Combinator
Susa Ventures
And several others
Our Team
We're a team of technologists and insurance enthusiasts, bridging the two worlds together. Check out our
About
page to learn more.
The Role
We are seeking a detail-oriented and analytical Actuarial Analyst to join our actuarial team supporting multiple commercial lines of business, including General Liability, Workers' Compensation, Commercial Property, and Excess Casualty. This role is perfect for someone who thrives on executing rigorous insurance analysis, collaborating cross-functionally, and delivering precise, actionable insights that drive competitive advantage.
As an Actuarial Data Analyst, you will be the bridge between market intelligence, regulatory requirements, and data-driven product decisions. You will be joining a small team of actuaries playing a critical role in ensuring our products remain competitive while maintaining compliance across all jurisdictions where we operate. The actuarial team wor",ashby
2026-06-02,Shepherd Insurance,GTM Analytics & Strategy,San Francisco,,https://jobs.ashbyhq.com/shepherd/21cf56ac-008c-42b8-9bb9-0dab34a9f205,https://jobs.ashbyhq.com/shepherd,"What We Do
Shepherd is an AI-native commercial insurance platform transforming how high-hazard industries get covered. Our mission is to make risk frictionless for the builders and operators shaping the physical world — protecting progress from concept through construction and into decades of operation.
The infrastructure behind the AI boom — data centers, semiconductor fabs, renewable energy assets — has to be built and insured. But traditional carriers weren't built for this speed:
Complex commercial construction projects routinely wait weeks for a single quote
Legacy carriers rely on static applications and disconnected systems
Brokers chase carriers through calls, emails, and resubmissions
We built Shepherd to solve that. Our AI performs the same underwriting workflows in seconds, and integrates real-time data from construction technology partners — Procore, Autodesk, OpenSpace, DroneDeploy, and others — to see risk as it actually exists, not just as it was reported on a static form.
We're pursuing the most ambitious technical vision in commercial insurance: fully autonomous underwriting. We're closing in on the first fully agentic submission in the industry — email in, price out, no human intervention until the last mile.
With Shepherd, safety, speed, and quality no longer trade off against one another — they compound. We're building:
Faster decisions
Smarter, more accurate pricing
Better risk outcomes for insureds who invest in safer practices
We're not just modernizing insurance products. We're building the risk infrastructure for the next generation of financial services.
Our Investors
In March 2026,
Shepherd raised a $42M Series B
— bringing total funding to over $60M — led by Intact Private Capital, the investment arm of one of the largest insurers in the world. Intact is not only our lead investor but also a carrier partner, a testament to the confidence the incumbent industry has in what we're building. Our investors:
Intact Private Capital
Spark Capital
Costanoa Ventures
Y Combinator
Susa Ventures
And several others
Our Team
We're a team of technologists and insurance enthusiasts, bridging the two worlds together. Check out our
About
page to learn more.
About the Role
As our GTM Analytics & Strategy hire, you will play a critical role in shaping how Shepherd grows and scales. You’ll work across datasets and systems spanning GTM, underwriting, product, and operations to surface insights that inform strategy, execution, and resource allocation.
This is a high-impact, high-visibility role with direct exposure to company leadership. You’ll partner closely with teams across Shepherd to evaluate key business questions, identify growth and efficiency levers, and translate data into clear, actionable recommendations.
We value working together in person and are looking for candidates who can be
onsite at our San Francisco HQ
.
Responsibilities
Develop a deep understanding of Shepherd’s business model, GTM motion, and operating cadence to supp",ashby
2026-06-02,Suno,"Software Engineer, Data Platform ",Boston,,https://jobs.ashbyhq.com/suno/bed3b0f7-a5f0-495e-9b62-16503adbcf1a,https://jobs.ashbyhq.com/suno,"About Suno
We're building the world's first creative entertainment platform, where the entire world can feel the joy and fulfilment of making music. Music is for everyone: Our users include everyone from grandmothers creating songs for their loved ones, to Grammy winners using Suno Studio, our power tool, to make the most popular hits in the world.
Building the future of entertainment requires ambition. The pace is fast, the problems are hard, and the work demands ownership and intensity. For the right people, it’s incredibly rewarding: a chance to shape a new medium, work with a small team that cares deeply about quality, make music, drink too much coffee, and build something that millions of people use to express themselves in ways that were never before possible.
Suno is the fastest growing consumer entertainment company and the leader in AI music. We are backed by leading investors including Menlo Ventures, Lightspeed Venture Partners, Matrix Partners, NVentures (venture arm of NVIDIA).
About the Role
As a Software Engineer in the Data Platform team at Suno, you will help build the systems and practices that ensure our data is secure, well-managed, and trustworthy as we scale. This role sits at the intersection of Data, Engineering, Security, and Legal, and plays an important part in helping Suno operate as a mature, audit-ready organization.
As we grow, we need increasing clarity around questions like
“Who owns this data?”
,
“Who has access to it and why?”
, and
“How was this metric produced?”
. You’ll support the development of governance frameworks that make these answers clear and consistent, while helping teams adopt best practices around data access, documentation, and usage.
This is a hands-on role where you’ll work closely with more senior members of the Data Platform team to implement governance controls, improve documentation, and support audit readiness. It’s a great opportunity for someone who wants to deepen their experience in data governance, security, and compliance in a fast-moving environment.
Check out the Suno version of this role here!
What You’ll Do
Support the implementation of data governance frameworks that improve data ownership, access, and accountability across the organization.
Help manage role-based access control (RBAC) in Snowflake, including provisioning access, reviewing permissions, and ensuring adherence to least-privilege principles.
Assist in defining and maintaining data policies around access, usage, and retention, in collaboration with Data, Security, and Legal teams.
Develop and optimize data models and transformations in Snowflake using DBT, ensuring data is clean, well-structured, and analytics-ready.
Build tooling and abstractions that make it easy for other teams to produce and consume high-quality data.
Maintain and improve documentation, including data definitions, ownership records, and governance standards.
Contribute to building and maintaining data lineage and metadata tracking, helping impr",ashby
2026-06-02,Talkiatry,"Senior Analytics Engineer, Marketing",Remote,,https://jobs.ashbyhq.com/talkiatry/a0ce1010-919c-4dfe-8ba2-6c74d6e81e04,https://jobs.ashbyhq.com/talkiatry,"We are looking for a Senior Analytics Engineer to join our Data Team with a dedicated focus on Marketing. In this role, you'll play a critical part in helping our Marketing team make data-driven decisions by creating data-driven solutions, using strategic context to develop success metrics, and providing valuable insights through clear, impactful data products and visualizations.
As a senior member of the BI function, you will lead development efforts, drive best practices, and serve as a trusted advisor to cross-functional stakeholders, particularly with Marketing.
About Talkiatry
Talkiatry is transforming mental health care by making high-quality psychiatry more accessible, human, and sustainable for both patients and clinicians. Co-founded by a patient and a triple-board-certified psychiatrist, we were built to solve one of healthcare’s most urgent challenges: millions of people struggle to access mental health care, while clinicians face growing administrative burden and burnout. Through our technology-powered, in-network platform, we’re changing that, creating a better experience for patients and empowering clinicians to focus on delivering exceptional care.
Today, Talkiatry is the largest dedicated psychiatry practice in the U.S., with 750+ psychiatrists, 250+ therapists, and more than two million patient visits delivered nationwide. At our scale, every innovation has real impact. Every workflow we improve, every technology solution we build, and every patient experience we redesign helps thousands of clinicians provide better care to hundreds of thousands of patients. We’re not just growing quickly — we’re redefining how behavioral healthcare is delivered in America.
Joining Talkiatry means joining a mission-driven team that is solving complex problems at scale, driving meaningful change in healthcare, and building the future of mental health care with compassion, innovation, and purpose.
You will:
Build and maintain clean, scalable data models and pipelines to support marketing analytics and reporting using tools like Snowflake, dbt, and Databricks
Collaborate closely with Marketing stakeholders to understand business goals and translate them into data requirements and insightful data products
Develop and maintain user-friendly BI solutions to monitor marketing performance, campaign effectiveness, and key KPIs
Build data models that match our robust data governance, data quality, and documentation
Lead the development of self-service analytics tools that empower Marketing team members to independently explore data
Drive the implementation of best practices in data modeling, performance optimization, and reporting workflows
You have:
5+ years of experience in Business Intelligence, Data Analytics, or a related role
Advanced SQL skills and a strong understanding of data modeling concepts
Experience with modern data stack tools including Snowflake, dbt, and Databricks
Proficiency in at least one BI tool such as Omni, Tableau, or Looker
Stron",ashby
2026-06-02,Talkiatry,Data Engineer,Remote,,https://jobs.ashbyhq.com/talkiatry/c20f10a0-b493-4109-866c-a6c755677735,https://jobs.ashbyhq.com/talkiatry,"We're looking for a
Data Engineer
to join our growing data team. You'll work alongside senior data engineers to build and maintain the pipelines, dbt models, and infrastructure that power Talkiatry's analytics, operations, and clinical reporting.
This is a role for someone who has hit their stride past their first DE job — comfortable shipping reliably, breaking down ambiguous asks, and willing to mentor a teammate when needed. You'll work independently within your scope (ingestion jobs, dbt model areas, internal tooling), partner with our BI / Analytics Engineering team who depend on your work, and take operational responsibility through on-call coverage.
About Talkiatry
Talkiatry is transforming mental health care by making high-quality psychiatry more accessible, human, and sustainable for both patients and clinicians. Co-founded by a patient and a triple-board-certified psychiatrist, we were built to solve one of healthcare’s most urgent challenges: millions of people struggle to access mental health care, while clinicians face growing administrative burden and burnout. Through our technology-powered, in-network platform, we’re changing that, creating a better experience for patients and empowering clinicians to focus on delivering exceptional care.
Today, Talkiatry is the largest dedicated psychiatry practice in the U.S., with 750+ psychiatrists, 250+ therapists, and more than two million patient visits delivered nationwide. At our scale, every innovation has real impact. Every workflow we improve, every technology solution we build, and every patient experience we redesign helps thousands of clinicians provide better care to hundreds of thousands of patients. We’re not just growing quickly — we’re redefining how behavioral healthcare is delivered in America.
Joining Talkiatry means joining a mission-driven team that is solving complex problems at scale, driving meaningful change in healthcare, and building the future of mental health care with compassion, innovation, and purpose.
You Will:
Build and maintain ingestion pipelines and Python services running on AWS (Lambda, ECS)
Develop and maintain dbt models in our Snowflake warehouse, with thoughtful tests and documentation
Take operational responsibility — participate in the on-call rotation, triage pipeline failures, contribute to post-mortems
Partner with our BI / Analytics Engineering team to translate their needs into reliable DE work
Migrate independently-scheduled tasks and pipelines into Airflow DAGs as we standardize orchestration
Contribute to our CI/CD pipelines (GitHub Actions) and team standards
Mentor newer team members and review their work
You Have:
2+ years
working as a Data Engineer (or in a closely-related role: backend engineering with substantial data work, analytics engineering, etc.)
Strong Python
— you're a programmer, not just someone who can write SQL. You can write clear, testable Python and understand idiomatic patterns.
Advanced SQL
— you've written non-trivial ",ashby
2026-06-02,Talkiatry,Analytics Engineer,"New York, NY",,https://jobs.ashbyhq.com/talkiatry/75a5f6d7-bf9f-40a5-bde3-87e2d8ff8ad3,https://jobs.ashbyhq.com/talkiatry,"We are looking for an Analytics Engineer to join a team dedicated to building the governed data foundation that powers decision-making across Talkiatry. You'll work alongside a collaborative team of engineers to design and maintain reliable, well-documented data models that stakeholders can trust and explore independently.
About Talkiatry:
Talkiatry is transforming mental health care by making high-quality psychiatry more accessible, human, and sustainable for both patients and clinicians. Co-founded by a patient and a triple-board-certified psychiatrist, we were built to solve one of healthcare’s most urgent challenges: millions of people struggle to access mental health care, while clinicians face growing administrative burden and burnout. Through our technology-powered, in-network platform, we’re changing that, creating a better experience for patients and empowering clinicians to focus on delivering exceptional care.
Today, Talkiatry is the largest dedicated psychiatry practice in the U.S., with 750+ psychiatrists, 250+ therapists, and more than two million patient visits delivered nationwide. At our scale, every innovation has real impact. Every workflow we improve, every technology solution we build, and every patient experience we redesign helps thousands of clinicians provide better care to hundreds of thousands of patients. We’re not just growing quickly — we’re redefining how behavioral healthcare is delivered in America.
Joining Talkiatry means joining a mission-driven team that is solving complex problems at scale, driving meaningful change in healthcare, and building the future of mental health care with compassion, innovation, and purpose.
You will:
Build and maintain clean, scalable, well-documented data models using dbt, Snowflake, and Databricks that serve as the trusted foundation for decision-making across the org
Partner with stakeholders to understand business questions and translate them into governed, reusable data products — not one-off reports
Contribute to a self-service analytics environment where stakeholders can independently explore data through well-structured, reliable models
Adhere to and help evolve our data governance, data quality, and documentation standards
Support dashboard and reporting needs where appropriate, with an emphasis on enabling stakeholders rather than building on their behalf
Collaborate with data and engineering teams to ensure data products are integrated into the broader product and engineering development process from the start
Your Qualifications:
2 to 3 years of experience in Analytics Engineering, Data Engineering, or a closely related role
Proficient SQL skills with a working understanding of data modeling concepts (star schema, slowly changing dimensions, grain)
Hands-on experience with dbt and a cloud data warehouse such as Snowflake or BigQuery
Familiarity with at least one BI or data exploration tool such as Omni, Looker, or Tableau
A bias toward building reusable, documented, and g",ashby
2026-06-02,Thumbtack,Commercial Ops Analyst (Data Analyst),"Remote, Philippines",,https://jobs.ashbyhq.com/thumbtack/7bacc69c-56ee-451d-a528-efd5687da360,https://jobs.ashbyhq.com/thumbtack,"Thumbtack helps millions of people confidently care for their homes.
Thumbtack is the one app you need to take care of and improve your home — from personalized guidance to AI tools and a best-in-class hiring experience. Every day in every county of the U.S., people turn to Thumbtack to complete urgent repairs, seasonal maintenance and bigger improvements. We help homeowners know which projects to do, when to do them and who to hire from our growing community of 300,000 local service businesses. If making an impact inspires you, join us. Imagine what we’ll build together.
About the Commercial Operations Performance Team
The Commercial Operations Performance team serves as the operational and shared services hub for our Commercial Operations teams. It is the backbone that enables the realization of our operational goals, orchestrating a seamless environment through rigorous oversight of data tools, day-to-day reporting, strategic project support, and long-term data and reporting strategy.
As a cornerstone of our operations, the Commercial Operations Performance team plays a pivotal role in enhancing efficiency and enabling us to serve our Customers and Pros optimally.
About the role
The Commercial Operations Performance team is looking for a Commercial Operations Analyst to enhance processes, standards, and methodologies across our Commercial Operations teams. This role is critical in improving consistency, efficiency, and overall value to the organization while driving operational excellence.
Operating within a highly cross-functional environment, this role requires strong analytical, project management, and operational problem-solving skills. Reporting directly to the Head of Commercial Operations Performance, you will partner closely with Sales and Service Operations teams, as well as cross-functional stakeholders, to develop and maintain performance ETLs, dashboards, compensation attainment reporting, and scalable processes. Your insights will help optimize the pro and customer funnels and drive continuous improvement across the department.
What you'll do
Build and maintain source-of-truth performance dashboards that provide Sales, Service, and Lead Generation leaders clear visibility into funnel, productivity, and quality metrics.
Partner with Commercial Operations, Analytics, and cross-functional stakeholders to define and refine core operational KPIs, automating recurring reporting wherever possible.
Develop and maintain ETLs, dashboards, and compensation attainment reporting to ensure accurate, reliable performance tracking.
Analyze pro and customer funnel behavior to identify process gaps, inefficiencies, and opportunities to improve conversion, quality, and overall experience.
Translate analytical findings into clear, actionable recommendations that inform roadmap planning and day-to-day operational decisions.
Scope, prioritize, and drive analytical and reporting projects to completion while managing multiple stakeholder requests.
In ord",ashby
2026-06-02,Toast,"INZENT APIMAPIM은 API Gateway, API 관리자의 개발자 Portal, API Creator, Analytics로 구성되는 APIM 플랫폼을 통해 API 라이프 사이클의 전반적인 프로세스를 관리하는 기능을 제공합니다.",,,https://toast.com/careers/,https://toast.com/careers,"NHN Cloud : 유연하게 안전하게 비즈니스의 힘이 되는 통합 클라우드 서비스
Not Found
죄송합니다.
잘못된 요청 또는 페이지 주소가 변경되거나
삭제되어 요청하신 페이지를 찾을 수 없습니다.
같은 문제가 계속하여 발생하면
[고객지원 > 문의하기]
또는
고객 센터(1588-7967)
로
문의해 주시면 안내해 드리겠습니다.
문의하기
계산기
TOP",html_fallback
2026-06-02,Toast,DightyDighty는 고객 행동 데이터의 폭넓은 이해와 활용을 통해 데이터의 가치를 높이는 고객 데이터 플랫폼(customer data platform)입니다.,,,https://toast.com/careers/,https://toast.com/careers,"NHN Cloud : 유연하게 안전하게 비즈니스의 힘이 되는 통합 클라우드 서비스
Not Found
죄송합니다.
잘못된 요청 또는 페이지 주소가 변경되거나
삭제되어 요청하신 페이지를 찾을 수 없습니다.
같은 문제가 계속하여 발생하면
[고객지원 > 문의하기]
또는
고객 센터(1588-7967)
로
문의해 주시면 안내해 드리겠습니다.
문의하기
계산기
TOP",html_fallback
2026-06-02,Toast,"CLOUDERA DATA PLATFORMCDP(Cloudera Data Platform)는 기업을 위해 구축된 세계 최초의 엔터프라이즈 데이터 클라우드로 최적의 성능, 확장성, 보안 등을 기반으로 데이터에 대한 관리와 분석을 어디서나 쉽고 빠르게 제공합니다.",,,https://toast.com/careers/,https://toast.com/careers,"NHN Cloud : 유연하게 안전하게 비즈니스의 힘이 되는 통합 클라우드 서비스
Not Found
죄송합니다.
잘못된 요청 또는 페이지 주소가 변경되거나
삭제되어 요청하신 페이지를 찾을 수 없습니다.
같은 문제가 계속하여 발생하면
[고객지원 > 문의하기]
또는
고객 센터(1588-7967)
로
문의해 주시면 안내해 드리겠습니다.
문의하기
계산기
TOP",html_fallback
2026-06-02,Toast,"eBPeBP(eBrother Bigdata Platform) 에코 시스템은 유료화된 클라우데라, 호튼웍스 등의 대안을 제시하는 솔루션으로 빅데이터 분류, 가공, 분석, 시각화 등의 기능을 최적화된 플랫폼으로 짧은 시간에 구축할 수 있는 안정성이 검증된 솔루션입니다.",,,https://toast.com/careers/,https://toast.com/careers,"NHN Cloud : 유연하게 안전하게 비즈니스의 힘이 되는 통합 클라우드 서비스
Not Found
죄송합니다.
잘못된 요청 또는 페이지 주소가 변경되거나
삭제되어 요청하신 페이지를 찾을 수 없습니다.
같은 문제가 계속하여 발생하면
[고객지원 > 문의하기]
또는
고객 센터(1588-7967)
로
문의해 주시면 안내해 드리겠습니다.
문의하기
계산기
TOP",html_fallback
2026-06-02,Toast,"OpsNow IoT Cloud PlatformOpsNow IoT Cloud Platform(OICP)는 다양한 IoT와 에지 디바이스를 관리하고, 대용량 고가용성 기반 데이터 수집 및 저장을 자동화하며, 이를 손쉽게 분석하고 활용할 수 있도록 BI (business intelligence)와 AI (artificial intelligence), ML (machine learning) 서비스를 올인원(all-in-one) 형태로 제공하는 IoT 서비스입니다.",,,https://toast.com/careers/,https://toast.com/careers,"NHN Cloud : 유연하게 안전하게 비즈니스의 힘이 되는 통합 클라우드 서비스
Not Found
죄송합니다.
잘못된 요청 또는 페이지 주소가 변경되거나
삭제되어 요청하신 페이지를 찾을 수 없습니다.
같은 문제가 계속하여 발생하면
[고객지원 > 문의하기]
또는
고객 센터(1588-7967)
로
문의해 주시면 안내해 드리겠습니다.
문의하기
계산기
TOP",html_fallback
2026-06-02,Workday,Analytics & Reporting,,,https://www.workday.com/en-us/products/analytics-reporting/overview.html,https://workday.com/careers,"HCM Analytics and Reporting Software | Workday US
Continue
Skip to main content
WORKFORCE ANALYTICS AND REPORTING
Deliver insights that drive your people forward.
Respond quickly to change and plan a way forward—how? Transform your data into actionable insights AI that empowers you to make smarter decisions, faster.
Play Demo (2:49)
The world’s leading organizations move forever forward with Workday.
All Customer Stories
WHAT SETS US APART
Leave second-guessing behind from day one.
Embedded insights for faster action.
With in-line context, your people gain critical insights powered by real-time HR and finance data, right in the flow of work. No extra tools or having to log into multiple systems.
Top-notch security at scale.
Our hassle-free and consistent security model delivers protection across applications, keeping data secure as you scale self-service analytics and reporting.
Responsible AI, always.
We provide a clear understanding of the AI models used through transparency in design and explainability so you can navigate the dynamic AI landscape with confidence.
WHAT YOU CAN DO
Enable self-service at scale.
Provide decision-critical data to your people with core reporting and analytics capabilities—even as your organization continues to grow.
Core Reporting and Analytics
Identify opportunities faster.
Leverage automation to rapidly surface risks, workforce trends, and opportunities.
Employee Listening (Workday Peakon Employee Voice)
Augmented Analytics  (Workday People Analytics)
Empower teams with external data.
Bring transactional and high-volume external data into Workday applications for seamless analysis and planning.
Data Hub (Workday Prism Analytics)
WHO SUCCEEDS WITH US
Our customers have the best stories.
All Customer Stories
Gained an accurate view of the business for better decision-making.
Read Story
Empowered its workforce to take faster action with embedded analytics.
Read Story
Brought 90% of workforce data into one place.
Read Story
Utilized Workday’s built-in AI to drive insights.
Read Story
RESOURCES
Resources for you.
Explore All Resources
eBook
The Ultimate Guide to Workforce Analytics
Read eBook
Report
Forrester TEI: Workday Prism Analytics and People Analytics
Read Report
Webinar
Netflix Gains Deeper People Insights with Workday
Play Webinar (49:11)
Use Case
Unlock Strategic Insights from Your Data
Read Use Case
See how we help you succeed.
Learn More
Ready to talk?
Get in touch.
Contact Sales
Please accept cookies to continue.
This content is blocked due to your cookie preferences for this site.  By clicking here, you accept
YouTube's Terms of Service
and
Privacy Policy
. Workday will save your choice in a session cookie.
Accept Cookies
Close",html_fallback
2026-06-02,Workday,Analytics & Reporting,,,https://www.workday.com/en-us/products/financial-management/financial-analytics-reporting.html,https://workday.com/careers,"Financial Analytics Software With Insights | Workday US
Continue
Skip to main content
FINANCIAL ANALYTICS AND REPORTING
Financial analytics and reporting to drive strategy.
Unlock the power of your financial data with advanced analytics and reporting tools from Workday to drive smarter decisions and better business outcomes.
Play Demo (3:21)
WHAT YOU CAN DO
Build confidence in your data.
Workday empowers finance to be a more strategic partner by unifying all your financial, worker, operational, and sales data. When it’s time to make decisions, visibility into granular details makes it easy.
KEY CAPABILITIES
Reporting by any dimension
Granular revenue and expense details
ROI and profitability insights
Real-time and ad hoc analysis
Internal and external reporting
Fewer manual reconciliations
Full data lineage and audit
Work smarter with an intelligent data core.
Charts that add context, not complexity.
Workday goes beyond a traditional accounting string by providing a chart of accounts written in business language to fuel richer financial reporting.
Explore Data Hub
Unite external revenue and expense data.
Combine transactional, operational, and planning data for a complete view of the business.
Learn More
Finance-owned data transformation.
Transform integrated revenue and expense data into detailed accounting that blends with operational dimensions in the system of record.
Learn More
Analyze and act on more granular insights.
Enable self-service reporting and analysis at scale. Then explore any detail—across any dimension—to fully understand exactly what happened.
Learn More
Transform your business with our reporting and analytics tools.
Perform ad hoc analysis with discovery boards.
Create and share dashboards for enhanced agility, insight, and collaboration.
Actionable reporting at your fingertips.
Easily create custom reports that fit your unique needs and share them with stakeholders.
Work where you want.
OfficeConnect for Financial Management empowers your accounting, finance, and reporting teams with live data in Excel.
Streamline your Workday data.
Blend together data from multiple sources into one easy-to-use view.
RESOURCES
Financial management resources for you.
Explore All Resources
Webinar
Fireside Chat with KeyBank on Decision-Making
Play Webinar (23:08)
Web Page
Create a Finance Data Hub with Workday Prism Analytics
Learn More
Whitepaper
How Workday Empowers Finance Leaders with Insight
Read Whitepaper
eBook
The CFO and Controller’s Guide to Data
Read eBook
See how we help you succeed.
Learn More
Ready to talk?
Get in touch.
Contact Sales
Please accept cookies to continue.
This content is blocked due to your cookie preferences for this site.  By clicking here, you accept
YouTube's Terms of Service
and
Privacy Policy
. Workday will save your choice in a session cookie.
Accept Cookies
Close",html_fallback
2026-06-02,Zendesk,Reporting and analyticsTurn service insights into better outcomes,,,https://zendesk.com/service/analytics/,https://zendesk.com/careers,"AI-powered live chat and messaging platform
Skip to main content
Platform
Zendesk Resolution Platform
Deliver faster, higher quality resolutions with the only AI-first service platform
Zendesk AI
Power your service with AI that continuously improves every resolution
Reporting and analytics
Turn service insights into better outcomes
Marketplace
Find 1,800+ apps, partners, and integrations to serve customers and employees
Actions and integrations
Drive resolutions across unified data and systems
Security and Trust
Deploy trusted service with enterprise-grade security and AI governance
Products
Customer Service
Manage and resolve customer inquiries across all channels in one place
Employee Service
Give employees the fastest resolutions through a scalable, intuitive platform
Contact Center
Deliver AI-powered resolutions for every call, every channel, every time
AI agents
Resolve even the most complex issues on any channel autonomously
Copilot
Empower service teams with the only proactive AI assistant
Quality assurance
Improve your service overtime with automatic human and AI agent scoring
Workforce Management
Forecast, staff, and manage agent schedules with AI-powered precision
Solutions
Common use cases
Messaging and live chat
Engage customers on your website or mobile app
Ticketing
Track, organize, and resolve all your tickets in one place
IT service management
IT support that empowers your workforce
Knowledge base
Power every resolution with connected knowledge
Voice
Manage and resolve customer calls with AI
By business type
Startups
Get up to 2 years of Zendesk free for qualified startups
Retail
Turn service into smarter selling
Financial Services
Secure service that builds financial trust
Technology
Transform support to drive net retention
Government
Reliable support that serves every citizen
Media and entertainment
Engage audiences and elevate experiences
Education
Create better student experiences
Manufacturing
Strengthen customer and partner relationships
Healthcare
Build healthier patient experiences
Telecommunications
Improve retention with seamless support
Resources
Learn
Customer stories
Success stories from customers who love Zendesk
Blog
Content focused on growing and scaling your support teams
Events
Discover popular local events, browse by category, or view on-demand options
CX Trends
Our flagship report, covering the five trends shaping the future of CX
Support
Help Center
Articles and discussions to answer your questions
Community
Connect, learn, and share with other Zendesk users
Partners
Find a partner to help your business integrate with Zendesk solutions
What's new
Stay up to date with new product releases
Company
About Us
Learn why Zendesk is the leader in AI customer service
Newsroom
See news updates and press about Zendesk
Careers
Want to work at Zendesk? Check out our current openings
Latest News
The future of agentic service, on-demand. Access exclusive insights and sessions from the year’s leading service event.
Watch now
",html_fallback
2026-06-02,Zendesk,Reporting and analytics,,,https://zendesk.com/service/analytics/,https://zendesk.com/careers,"AI-powered live chat and messaging platform
Skip to main content
Platform
Zendesk Resolution Platform
Deliver faster, higher quality resolutions with the only AI-first service platform
Zendesk AI
Power your service with AI that continuously improves every resolution
Reporting and analytics
Turn service insights into better outcomes
Marketplace
Find 1,800+ apps, partners, and integrations to serve customers and employees
Actions and integrations
Drive resolutions across unified data and systems
Security and Trust
Deploy trusted service with enterprise-grade security and AI governance
Products
Customer Service
Manage and resolve customer inquiries across all channels in one place
Employee Service
Give employees the fastest resolutions through a scalable, intuitive platform
Contact Center
Deliver AI-powered resolutions for every call, every channel, every time
AI agents
Resolve even the most complex issues on any channel autonomously
Copilot
Empower service teams with the only proactive AI assistant
Quality assurance
Improve your service overtime with automatic human and AI agent scoring
Workforce Management
Forecast, staff, and manage agent schedules with AI-powered precision
Solutions
Common use cases
Messaging and live chat
Engage customers on your website or mobile app
Ticketing
Track, organize, and resolve all your tickets in one place
IT service management
IT support that empowers your workforce
Knowledge base
Power every resolution with connected knowledge
Voice
Manage and resolve customer calls with AI
By business type
Startups
Get up to 2 years of Zendesk free for qualified startups
Retail
Turn service into smarter selling
Financial Services
Secure service that builds financial trust
Technology
Transform support to drive net retention
Government
Reliable support that serves every citizen
Media and entertainment
Engage audiences and elevate experiences
Education
Create better student experiences
Manufacturing
Strengthen customer and partner relationships
Healthcare
Build healthier patient experiences
Telecommunications
Improve retention with seamless support
Resources
Learn
Customer stories
Success stories from customers who love Zendesk
Blog
Content focused on growing and scaling your support teams
Events
Discover popular local events, browse by category, or view on-demand options
CX Trends
Our flagship report, covering the five trends shaping the future of CX
Support
Help Center
Articles and discussions to answer your questions
Community
Connect, learn, and share with other Zendesk users
Partners
Find a partner to help your business integrate with Zendesk solutions
What's new
Stay up to date with new product releases
Company
About Us
Learn why Zendesk is the leader in AI customer service
Newsroom
See news updates and press about Zendesk
Careers
Want to work at Zendesk? Check out our current openings
Latest News
The future of agentic service, on-demand. Access exclusive insights and sessions from the year’s leading service event.
Watch now
",html_fallback
